SubjID,L_bankssts_MeanCurv,L_caudalanteriorcingulate_MeanCurv,L_caudalmiddlefrontal_MeanCurv,L_cuneus_MeanCurv,L_entorhinal_MeanCurv,L_fusiform_MeanCurv,L_inferiorparietal_MeanCurv,L_inferiortemporal_MeanCurv,L_isthmuscingulate_MeanCurv,L_lateraloccipital_MeanCurv,L_lateralorbitofrontal_MeanCurv,L_lingual_MeanCurv,L_medialorbitofrontal_MeanCurv,L_middletemporal_MeanCurv,L_parahippocampal_MeanCurv,L_paracentral_MeanCurv,L_parsopercularis_MeanCurv,L_parsorbitalis_MeanCurv,L_parstriangularis_MeanCurv,L_pericalcarine_MeanCurv,L_postcentral_MeanCurv,L_posteriorcingulate_MeanCurv,L_precentral_MeanCurv,L_precuneus_MeanCurv,L_rostralanteriorcingulate_MeanCurv,L_rostralmiddlefrontal_MeanCurv,L_superiorfrontal_MeanCurv,L_superiorparietal_MeanCurv,L_superiortemporal_MeanCurv,L_supramarginal_MeanCurv,L_frontalpole_MeanCurv,L_temporalpole_MeanCurv,L_transversetemporal_MeanCurv,L_insula_MeanCurv,R_bankssts_MeanCurv,R_caudalanteriorcingulate_MeanCurv,R_caudalmiddlefrontal_MeanCurv,R_cuneus_MeanCurv,R_entorhinal_MeanCurv,R_fusiform_MeanCurv,R_inferiorparietal_MeanCurv,R_inferiortemporal_MeanCurv,R_isthmuscingulate_MeanCurv,R_lateraloccipital_MeanCurv,R_lateralorbitofrontal_MeanCurv,R_lingual_MeanCurv,R_medialorbitofrontal_MeanCurv,R_middletemporal_MeanCurv,R_parahippocampal_MeanCurv,R_paracentral_MeanCurv,R_parsopercularis_MeanCurv,R_parsorbitalis_MeanCurv,R_parstriangularis_MeanCurv,R_pericalcarine_MeanCurv,R_postcentral_MeanCurv,R_posteriorcingulate_MeanCurv,R_precentral_MeanCurv,R_precuneus_MeanCurv,R_rostralanteriorcingulate_MeanCurv,R_rostralmiddlefrontal_MeanCurv,R_superiorfrontal_MeanCurv,R_superiorparietal_MeanCurv,R_superiortemporal_MeanCurv,R_supramarginal_MeanCurv,R_frontalpole_MeanCurv,R_temporalpole_MeanCurv,R_transversetemporal_MeanCurv,R_insula_MeanCurv
sub-007,0.1,0.133,0.113,0.144,0.131,0.14,0.118,0.127,0.112,0.137,0.135,0.15,0.138,0.119,0.1,0.103,0.111,0.138,0.114,0.162,0.106,0.129,0.112,0.131,0.132,0.133,0.122,0.123,0.105,0.122,0.167,0.134,0.142,0.116,0.101,0.114,0.118,0.141,0.12,0.128,0.116,0.123,0.122,0.137,0.14,0.145,0.114,0.121,0.105,0.097,0.11,0.145,0.114,0.145,0.101,0.131,0.105,0.126,0.136,0.136,0.117,0.118,0.095,0.122,0.156,0.15,0.121,0.134,
sub-008,0.109,0.095,0.107,0.146,0.119,0.127,0.123,0.129,0.129,0.134,0.128,0.143,0.132,0.12,0.083,0.107,0.112,0.144,0.116,0.141,0.105,0.132,0.1,0.127,0.107,0.122,0.113,0.114,0.108,0.116,0.154,0.121,0.12,0.123,0.096,0.135,0.098,0.135,0.115,0.115,0.123,0.122,0.112,0.132,0.134,0.14,0.124,0.117,0.09,0.103,0.109,0.144,0.113,0.127,0.103,0.136,0.104,0.127,0.119,0.124,0.115,0.117,0.112,0.117,0.149,0.132,0.128,0.128,
sub-009,0.105,0.07,0.108,0.147,0.114,0.131,0.134,0.127,0.123,0.138,0.132,0.15,0.127,0.125,0.104,0.107,0.107,0.137,0.122,0.127,0.111,0.122,0.1,0.133,0.114,0.139,0.116,0.115,0.105,0.131,0.178,0.135,0.119,0.117,0.104,0.108,0.1,0.133,0.108,0.137,0.128,0.13,0.126,0.132,0.131,0.13,0.114,0.131,0.096,0.112,0.122,0.146,0.111,0.128,0.104,0.138,0.1,0.127,0.122,0.138,0.112,0.118,0.107,0.122,0.159,0.15,0.127,0.123,
sub-010,0.087,0.141,0.114,0.142,0.107,0.135,0.118,0.121,0.13,0.135,0.126,0.152,0.123,0.109,0.079,0.097,0.114,0.141,0.119,0.143,0.1,0.131,0.102,0.135,0.127,0.133,0.119,0.118,0.106,0.127,0.183,0.122,0.098,0.125,0.096,0.104,0.105,0.138,0.127,0.133,0.125,0.119,0.15,0.131,0.129,0.136,0.114,0.116,0.085,0.103,0.113,0.128,0.128,0.136,0.104,0.122,0.103,0.128,0.122,0.136,0.115,0.116,0.106,0.128,0.141,0.132,0.106,0.122,
sub-011,0.108,0.131,0.106,0.124,0.113,0.119,0.114,0.13,0.112,0.125,0.132,0.135,0.119,0.116,0.074,0.103,0.112,0.148,0.126,0.127,0.101,0.131,0.1,0.124,0.134,0.129,0.113,0.119,0.109,0.111,0.165,0.154,0.133,0.118,0.105,0.113,0.112,0.124,0.115,0.116,0.115,0.12,0.119,0.124,0.126,0.135,0.121,0.12,0.082,0.104,0.116,0.132,0.124,0.135,0.106,0.131,0.098,0.115,0.122,0.129,0.113,0.114,0.109,0.117,0.169,0.143,0.133,0.125,
sub-012,0.107,0.141,0.123,0.157,0.149,0.143,0.125,0.141,0.129,0.14,0.157,0.154,0.145,0.142,0.084,0.11,0.131,0.171,0.131,0.153,0.114,0.124,0.112,0.127,0.149,0.156,0.129,0.118,0.123,0.119,0.237,0.181,0.115,0.134,0.107,0.143,0.112,0.135,0.116,0.139,0.115,0.126,0.118,0.148,0.144,0.146,0.132,0.125,0.099,0.106,0.12,0.166,0.125,0.148,0.105,0.142,0.108,0.12,0.126,0.146,0.126,0.119,0.114,0.115,0.194,0.154,0.122,0.129,
sub-013,0.066,0.109,0.111,0.14,0.144,0.128,0.118,0.131,0.123,0.132,0.133,0.135,0.123,0.133,0.081,0.094,0.118,0.127,0.122,0.151,0.113,0.124,0.113,0.125,0.133,0.137,0.12,0.122,0.113,0.133,0.147,0.148,0.115,0.127,0.102,0.123,0.119,0.142,0.126,0.124,0.123,0.114,0.119,0.135,0.132,0.127,0.119,0.116,0.082,0.109,0.113,0.132,0.122,0.138,0.11,0.132,0.106,0.13,0.151,0.138,0.128,0.119,0.105,0.115,0.174,0.143,0.118,0.123,
sub-014,0.104,0.125,0.12,0.154,0.163,0.132,0.133,0.125,0.153,0.15,0.141,0.137,0.134,0.125,0.111,0.12,0.11,0.143,0.131,0.139,0.125,0.141,0.119,0.14,0.128,0.139,0.129,0.13,0.116,0.123,0.161,0.17,0.127,0.117,0.108,0.11,0.104,0.149,0.104,0.128,0.129,0.124,0.157,0.141,0.141,0.146,0.133,0.112,0.096,0.111,0.128,0.141,0.12,0.138,0.117,0.137,0.121,0.137,0.117,0.129,0.123,0.126,0.114,0.131,0.166,0.129,0.108,0.124,
sub-015,0.093,0.125,0.118,0.153,0.109,0.131,0.136,0.127,0.149,0.151,0.148,0.152,0.145,0.119,0.087,0.122,0.105,0.161,0.127,0.13,0.112,0.118,0.115,0.129,0.142,0.15,0.127,0.131,0.113,0.135,0.171,0.141,0.137,0.132,0.113,0.12,0.111,0.143,0.109,0.131,0.131,0.126,0.145,0.14,0.143,0.15,0.129,0.109,0.093,0.146,0.126,0.137,0.12,0.123,0.115,0.133,0.114,0.136,0.137,0.138,0.123,0.134,0.108,0.125,0.185,0.151,0.124,0.135,
sub-016,0.087,0.1,0.104,0.136,0.108,0.119,0.119,0.117,0.105,0.13,0.124,0.139,0.127,0.113,0.097,0.098,0.098,0.13,0.111,0.135,0.108,0.111,0.098,0.127,0.095,0.125,0.108,0.111,0.103,0.119,0.114,0.121,0.107,0.11,0.087,0.115,0.103,0.148,0.106,0.116,0.118,0.126,0.103,0.133,0.123,0.142,0.121,0.117,0.09,0.104,0.116,0.13,0.121,0.153,0.109,0.123,0.11,0.115,0.086,0.117,0.111,0.108,0.115,0.12,0.148,0.135,0.124,0.107,
sub-017,0.114,0.079,0.106,0.131,0.102,0.122,0.113,0.119,0.111,0.131,0.133,0.135,0.125,0.119,0.1,0.101,0.105,0.15,0.115,0.135,0.101,0.104,0.1,0.12,0.119,0.13,0.111,0.112,0.106,0.118,0.154,0.118,0.116,0.117,0.111,0.121,0.101,0.132,0.131,0.119,0.11,0.118,0.124,0.133,0.143,0.14,0.126,0.118,0.106,0.106,0.102,0.128,0.123,0.142,0.105,0.129,0.099,0.117,0.127,0.128,0.112,0.116,0.102,0.113,0.154,0.128,0.131,0.122,
sub-019,0.094,0.125,0.108,0.141,0.101,0.13,0.113,0.132,0.113,0.141,0.125,0.136,0.129,0.129,0.081,0.115,0.105,0.155,0.134,0.161,0.103,0.141,0.105,0.13,0.133,0.132,0.127,0.127,0.097,0.117,0.171,0.139,0.102,0.116,0.104,0.13,0.102,0.132,0.128,0.129,0.131,0.131,0.128,0.132,0.139,0.144,0.129,0.113,0.098,0.104,0.12,0.16,0.124,0.146,0.096,0.125,0.104,0.125,0.125,0.136,0.123,0.12,0.097,0.119,0.158,0.127,0.119,0.126,
sub-02,0.11,0.12,0.108,0.158,0.132,0.126,0.123,0.13,0.12,0.136,0.132,0.144,0.117,0.12,0.08,0.115,0.111,0.139,0.112,0.123,0.108,0.126,0.097,0.129,0.112,0.128,0.11,0.127,0.104,0.121,0.166,0.152,0.141,0.127,0.103,0.121,0.107,0.14,0.137,0.125,0.124,0.129,0.116,0.136,0.133,0.143,0.109,0.124,0.083,0.099,0.113,0.128,0.117,0.122,0.103,0.125,0.097,0.124,0.144,0.121,0.11,0.121,0.11,0.118,0.133,0.156,0.109,0.118,
sub-020,0.079,0.129,0.109,0.147,0.106,0.143,0.118,0.113,0.121,0.128,0.141,0.143,0.138,0.117,0.091,0.115,0.12,0.151,0.119,0.149,0.107,0.124,0.11,0.121,0.129,0.144,0.123,0.117,0.099,0.122,0.179,0.12,0.101,0.115,0.087,0.137,0.103,0.134,0.109,0.126,0.118,0.118,0.133,0.129,0.135,0.138,0.123,0.116,0.1,0.118,0.123,0.126,0.116,0.142,0.104,0.131,0.105,0.12,0.125,0.126,0.117,0.118,0.103,0.112,0.15,0.143,0.114,0.115,
sub-021,0.084,0.118,0.11,0.147,0.097,0.126,0.131,0.141,0.112,0.134,0.136,0.148,0.131,0.13,0.072,0.122,0.124,0.143,0.128,0.149,0.123,0.126,0.116,0.131,0.121,0.132,0.12,0.129,0.113,0.14,0.159,0.147,0.124,0.128,0.091,0.111,0.105,0.144,0.112,0.123,0.129,0.143,0.125,0.132,0.139,0.143,0.131,0.126,0.081,0.106,0.122,0.155,0.12,0.205,0.11,0.135,0.123,0.132,0.118,0.125,0.125,0.128,0.104,0.139,0.161,0.133,0.132,0.133,
sub-022,0.094,0.114,0.102,0.136,0.143,0.122,0.112,0.114,0.121,0.125,0.13,0.136,0.125,0.123,0.095,0.098,0.105,0.132,0.118,0.135,0.096,0.127,0.096,0.119,0.11,0.119,0.119,0.111,0.094,0.119,0.151,0.128,0.128,0.115,0.089,0.13,0.107,0.128,0.134,0.129,0.122,0.12,0.117,0.138,0.132,0.137,0.121,0.11,0.089,0.11,0.121,0.122,0.112,0.136,0.112,0.14,0.101,0.111,0.124,0.123,0.119,0.117,0.105,0.117,0.158,0.143,0.135,0.137,
sub-023,0.076,0.119,0.111,0.141,0.117,0.116,0.119,0.127,0.12,0.13,0.134,0.145,0.124,0.116,0.071,0.118,0.112,0.135,0.129,0.147,0.124,0.122,0.126,0.124,0.125,0.131,0.127,0.123,0.096,0.123,0.147,0.139,0.124,0.129,0.074,0.108,0.118,0.119,0.096,0.11,0.128,0.125,0.114,0.132,0.129,0.136,0.121,0.111,0.083,0.126,0.096,0.142,0.113,0.142,0.116,0.126,0.13,0.12,0.128,0.123,0.117,0.117,0.103,0.121,0.148,0.145,0.115,0.124,
sub-025,0.095,0.094,0.108,0.126,0.102,0.123,0.116,0.126,0.121,0.135,0.131,0.132,0.127,0.118,0.087,0.104,0.11,0.137,0.1,0.126,0.099,0.116,0.104,0.121,0.106,0.131,0.113,0.123,0.1,0.124,0.174,0.146,0.104,0.147,0.087,0.114,0.108,0.132,0.102,0.113,0.123,0.123,0.12,0.136,0.13,0.126,0.123,0.108,0.081,0.116,0.112,0.137,0.107,0.122,0.099,0.121,0.097,0.114,0.119,0.13,0.117,0.119,0.089,0.115,0.177,0.136,0.101,0.136,
sub-026,0.095,0.106,0.108,0.139,0.129,0.129,0.113,0.125,0.129,0.146,0.128,0.135,0.115,0.126,0.083,0.12,0.121,0.144,0.118,0.124,0.108,0.143,0.103,0.123,0.127,0.132,0.112,0.123,0.1,0.116,0.161,0.138,0.102,0.126,0.084,0.117,0.119,0.129,0.132,0.119,0.116,0.119,0.128,0.135,0.135,0.13,0.119,0.117,0.087,0.115,0.112,0.151,0.125,0.126,0.107,0.117,0.1,0.118,0.125,0.124,0.117,0.113,0.116,0.116,0.153,0.16,0.141,0.133,
sub-027,0.082,0.127,0.105,0.142,0.108,0.13,0.117,0.12,0.122,0.136,0.126,0.133,0.112,0.113,0.092,0.113,0.103,0.148,0.12,0.135,0.103,0.128,0.102,0.13,0.129,0.127,0.118,0.12,0.09,0.108,0.158,0.133,0.088,0.121,0.105,0.115,0.111,0.125,0.115,0.126,0.123,0.113,0.112,0.138,0.124,0.131,0.129,0.111,0.107,0.118,0.105,0.134,0.124,0.134,0.108,0.126,0.102,0.123,0.129,0.118,0.116,0.111,0.1,0.111,0.158,0.141,0.109,0.122,
sub-028,0.094,0.129,0.099,0.15,0.107,0.119,0.11,0.119,0.113,0.127,0.128,0.14,0.116,0.12,0.078,0.113,0.108,0.135,0.107,0.139,0.112,0.115,0.102,0.119,0.134,0.127,0.112,0.116,0.104,0.124,0.144,0.142,0.095,0.119,0.112,0.129,0.102,0.139,0.104,0.12,0.121,0.117,0.126,0.125,0.116,0.14,0.122,0.117,0.074,0.112,0.106,0.132,0.112,0.14,0.097,0.136,0.096,0.113,0.116,0.125,0.116,0.117,0.102,0.123,0.14,0.126,0.135,0.117,
sub-029,0.103,0.1,0.106,0.146,0.132,0.127,0.126,0.127,0.113,0.136,0.116,0.135,0.113,0.124,0.076,0.109,0.096,0.13,0.118,0.129,0.106,0.124,0.1,0.12,0.112,0.123,0.114,0.118,0.108,0.129,0.172,0.142,0.127,0.123,0.104,0.131,0.114,0.143,0.158,0.126,0.122,0.119,0.117,0.134,0.126,0.153,0.12,0.121,0.086,0.111,0.109,0.139,0.115,0.132,0.119,0.122,0.104,0.124,0.135,0.13,0.113,0.117,0.115,0.124,0.176,0.149,0.159,0.121,
sub-032,0.089,0.117,0.117,0.141,0.124,0.129,0.126,0.132,0.124,0.134,0.129,0.148,0.131,0.13,0.075,0.117,0.113,0.138,0.106,0.141,0.117,0.126,0.117,0.129,0.129,0.127,0.125,0.117,0.113,0.13,0.177,0.124,0.103,0.124,0.104,0.132,0.118,0.153,0.135,0.118,0.13,0.149,0.136,0.137,0.134,0.142,0.132,0.121,0.084,0.11,0.115,0.144,0.12,0.141,0.107,0.124,0.114,0.114,0.132,0.136,0.127,0.121,0.111,0.145,0.151,0.153,0.133,0.125,
sub-033,0.091,0.081,0.116,0.144,0.123,0.124,0.12,0.14,0.133,0.137,0.133,0.142,0.132,0.133,0.07,0.107,0.115,0.159,0.13,0.141,0.12,0.12,0.113,0.128,0.116,0.144,0.119,0.126,0.108,0.12,0.15,0.123,0.127,0.124,0.097,0.114,0.118,0.135,0.14,0.127,0.127,0.125,0.126,0.144,0.142,0.145,0.118,0.124,0.074,0.105,0.12,0.137,0.114,0.139,0.119,0.123,0.113,0.136,0.124,0.142,0.118,0.124,0.111,0.128,0.176,0.126,0.129,0.124,
sub-035,0.081,0.129,0.115,0.145,0.103,0.127,0.113,0.128,0.142,0.137,0.132,0.14,0.125,0.131,0.072,0.109,0.116,0.155,0.132,0.126,0.102,0.119,0.104,0.122,0.116,0.133,0.114,0.116,0.111,0.121,0.156,0.129,0.122,0.126,0.094,0.109,0.106,0.138,0.096,0.131,0.127,0.121,0.13,0.136,0.13,0.128,0.132,0.124,0.085,0.109,0.107,0.132,0.119,0.128,0.101,0.126,0.11,0.122,0.129,0.121,0.118,0.124,0.099,0.125,0.169,0.159,0.112,0.111,
sub-036,0.099,0.12,0.104,0.14,0.093,0.129,0.124,0.123,0.127,0.142,0.127,0.149,0.121,0.116,0.073,0.103,0.102,0.141,0.117,0.134,0.099,0.127,0.097,0.126,0.116,0.13,0.119,0.116,0.103,0.116,0.158,0.141,0.14,0.115,0.112,0.117,0.096,0.151,0.105,0.132,0.126,0.12,0.115,0.142,0.128,0.148,0.115,0.129,0.09,0.114,0.118,0.139,0.118,0.123,0.106,0.125,0.101,0.124,0.127,0.123,0.118,0.12,0.105,0.116,0.176,0.131,0.157,0.12,
sub-038,0.084,0.127,0.101,0.131,0.109,0.128,0.117,0.112,0.121,0.129,0.126,0.133,0.122,0.113,0.092,0.104,0.117,0.144,0.118,0.141,0.099,0.126,0.105,0.124,0.133,0.131,0.117,0.117,0.1,0.122,0.152,0.136,0.117,0.122,0.097,0.116,0.103,0.131,0.101,0.13,0.124,0.13,0.124,0.136,0.13,0.135,0.125,0.117,0.079,0.118,0.091,0.15,0.115,0.134,0.1,0.126,0.108,0.12,0.127,0.129,0.117,0.112,0.094,0.117,0.15,0.118,0.121,0.12,
sub-039,0.08,0.122,0.103,0.137,0.106,0.121,0.11,0.111,0.113,0.129,0.126,0.135,0.132,0.112,0.074,0.102,0.111,0.118,0.116,0.125,0.108,0.133,0.105,0.127,0.136,0.129,0.117,0.119,0.109,0.115,0.181,0.132,0.132,0.119,0.102,0.109,0.111,0.13,0.097,0.117,0.115,0.111,0.116,0.131,0.118,0.14,0.115,0.11,0.084,0.108,0.099,0.127,0.111,0.136,0.106,0.136,0.103,0.124,0.153,0.135,0.118,0.107,0.102,0.146,0.131,0.119,0.143,0.11,
sub-04,0.094,0.145,0.104,0.139,0.128,0.128,0.114,0.134,0.117,0.126,0.125,0.143,0.111,0.123,0.088,0.109,0.126,0.14,0.121,0.132,0.11,0.129,0.1,0.12,0.12,0.134,0.118,0.12,0.1,0.116,0.176,0.136,0.098,0.123,0.085,0.127,0.116,0.139,0.115,0.125,0.124,0.127,0.107,0.128,0.126,0.143,0.12,0.122,0.085,0.108,0.113,0.135,0.126,0.12,0.101,0.126,0.1,0.115,0.127,0.132,0.118,0.124,0.11,0.116,0.164,0.143,0.104,0.122,
sub-040,0.081,0.123,0.103,0.143,0.141,0.132,0.118,0.112,0.114,0.135,0.129,0.14,0.118,0.119,0.079,0.106,0.12,0.127,0.123,0.138,0.112,0.123,0.1,0.122,0.11,0.131,0.114,0.122,0.106,0.117,0.147,0.14,0.124,0.128,0.094,0.1,0.113,0.142,0.128,0.137,0.118,0.122,0.119,0.141,0.121,0.146,0.114,0.116,0.094,0.114,0.117,0.144,0.117,0.132,0.104,0.117,0.101,0.119,0.116,0.127,0.115,0.112,0.098,0.118,0.15,0.134,0.111,0.129,
sub-042,0.079,0.112,0.109,0.14,0.13,0.137,0.127,0.118,0.113,0.145,0.141,0.148,0.132,0.119,0.104,0.112,0.112,0.117,0.123,0.143,0.099,0.128,0.107,0.131,0.131,0.14,0.122,0.118,0.118,0.136,0.167,0.147,0.102,0.124,0.088,0.118,0.118,0.142,0.133,0.13,0.122,0.124,0.118,0.139,0.136,0.144,0.113,0.112,0.104,0.107,0.114,0.146,0.126,0.141,0.107,0.136,0.106,0.129,0.129,0.138,0.124,0.119,0.115,0.124,0.179,0.146,0.123,0.112,
sub-043,0.102,0.111,0.107,0.137,0.125,0.123,0.126,0.132,0.123,0.13,0.118,0.136,0.134,0.118,0.07,0.128,0.121,0.131,0.129,0.127,0.108,0.126,0.104,0.113,0.126,0.141,0.128,0.115,0.11,0.126,0.151,0.125,0.125,0.129,0.091,0.116,0.108,0.146,0.119,0.119,0.118,0.128,0.118,0.127,0.117,0.136,0.12,0.116,0.079,0.118,0.119,0.142,0.126,0.117,0.104,0.122,0.1,0.118,0.128,0.143,0.125,0.122,0.11,0.116,0.166,0.12,0.133,0.125,
sub-045,0.101,0.09,0.106,0.138,0.155,0.125,0.116,0.114,0.117,0.132,0.128,0.144,0.123,0.127,0.094,0.091,0.095,0.145,0.108,0.122,0.101,0.106,0.094,0.122,0.105,0.122,0.11,0.107,0.1,0.112,0.152,0.141,0.122,0.123,0.101,0.114,0.103,0.134,0.141,0.119,0.118,0.121,0.119,0.134,0.125,0.144,0.122,0.108,0.075,0.094,0.102,0.115,0.102,0.119,0.103,0.119,0.089,0.115,0.126,0.115,0.109,0.116,0.099,0.111,0.147,0.141,0.116,0.116,
sub-047,0.078,0.114,0.112,0.141,0.109,0.116,0.107,0.12,0.112,0.129,0.131,0.144,0.119,0.121,0.099,0.118,0.109,0.149,0.123,0.135,0.104,0.121,0.104,0.118,0.104,0.135,0.113,0.121,0.097,0.119,0.158,0.134,0.122,0.128,0.093,0.133,0.103,0.132,0.092,0.124,0.121,0.12,0.116,0.13,0.138,0.145,0.118,0.111,0.092,0.107,0.101,0.129,0.111,0.124,0.1,0.116,0.097,0.119,0.118,0.122,0.109,0.113,0.097,0.113,0.137,0.129,0.107,0.127,
sub-048,0.099,0.107,0.115,0.131,0.133,0.116,0.119,0.129,0.126,0.12,0.134,0.142,0.116,0.116,0.077,0.102,0.108,0.151,0.118,0.133,0.108,0.117,0.11,0.135,0.116,0.13,0.119,0.113,0.104,0.123,0.171,0.132,0.141,0.128,0.091,0.131,0.116,0.139,0.138,0.119,0.122,0.13,0.122,0.132,0.13,0.152,0.12,0.113,0.082,0.11,0.112,0.148,0.125,0.137,0.097,0.133,0.103,0.128,0.118,0.131,0.124,0.114,0.096,0.115,0.153,0.15,0.125,0.125,
sub-049,0.103,0.127,0.108,0.137,0.108,0.128,0.122,0.115,0.122,0.137,0.131,0.134,0.125,0.115,0.083,0.117,0.111,0.148,0.121,0.131,0.105,0.112,0.104,0.127,0.12,0.139,0.112,0.117,0.102,0.122,0.138,0.145,0.112,0.121,0.11,0.095,0.125,0.142,0.137,0.121,0.122,0.124,0.127,0.138,0.128,0.152,0.111,0.118,0.089,0.111,0.115,0.132,0.117,0.134,0.101,0.13,0.098,0.123,0.123,0.13,0.117,0.114,0.103,0.113,0.155,0.162,0.136,0.128,
sub-050,0.092,0.118,0.111,0.137,0.119,0.127,0.111,0.122,0.109,0.122,0.131,0.145,0.12,0.109,0.098,0.112,0.099,0.131,0.119,0.135,0.108,0.126,0.1,0.11,0.137,0.137,0.119,0.107,0.109,0.132,0.152,0.142,0.113,0.119,0.106,0.132,0.116,0.139,0.123,0.131,0.117,0.124,0.125,0.129,0.136,0.148,0.127,0.124,0.105,0.108,0.108,0.132,0.118,0.138,0.095,0.121,0.104,0.115,0.118,0.13,0.12,0.111,0.103,0.125,0.16,0.153,0.119,0.126,
sub-051,0.085,0.114,0.101,0.137,0.125,0.12,0.114,0.126,0.127,0.134,0.122,0.14,0.12,0.117,0.076,0.105,0.107,0.149,0.119,0.129,0.098,0.136,0.096,0.117,0.137,0.126,0.119,0.11,0.108,0.118,0.156,0.165,0.122,0.123,0.097,0.115,0.106,0.132,0.111,0.123,0.118,0.118,0.114,0.131,0.125,0.137,0.118,0.116,0.085,0.111,0.106,0.13,0.121,0.136,0.1,0.12,0.1,0.121,0.128,0.127,0.118,0.115,0.109,0.119,0.143,0.13,0.121,0.127,
sub-06,0.086,0.148,0.11,0.131,0.104,0.124,0.112,0.12,0.123,0.132,0.125,0.13,0.103,0.121,0.077,0.101,0.105,0.151,0.117,0.132,0.098,0.124,0.098,0.116,0.122,0.133,0.114,0.119,0.102,0.111,0.146,0.137,0.101,0.121,0.089,0.128,0.108,0.122,0.11,0.128,0.112,0.12,0.122,0.133,0.129,0.137,0.107,0.12,0.082,0.103,0.109,0.13,0.116,0.128,0.097,0.132,0.096,0.119,0.135,0.129,0.112,0.116,0.093,0.113,0.167,0.145,0.079,0.124,
sub-07,0.093,0.115,0.108,0.146,0.11,0.121,0.119,0.124,0.12,0.134,0.125,0.14,0.117,0.109,0.12,0.098,0.108,0.132,0.117,0.119,0.108,0.129,0.098,0.115,0.114,0.127,0.119,0.122,0.093,0.126,0.148,0.124,0.099,0.121,0.098,0.128,0.105,0.129,0.099,0.127,0.117,0.123,0.114,0.124,0.126,0.132,0.127,0.114,0.088,0.1,0.111,0.128,0.108,0.127,0.102,0.126,0.103,0.119,0.129,0.129,0.113,0.119,0.092,0.11,0.16,0.122,0.111,0.116,
sub-101,0.097,0.133,0.102,0.143,0.106,0.127,0.123,0.137,0.122,0.138,0.14,0.136,0.129,0.119,0.081,0.102,0.108,0.135,0.123,0.136,0.097,0.122,0.101,0.124,0.127,0.131,0.114,0.116,0.106,0.124,0.157,0.14,0.111,0.126,0.108,0.107,0.108,0.132,0.106,0.141,0.125,0.125,0.12,0.14,0.14,0.147,0.129,0.122,0.106,0.101,0.115,0.111,0.12,0.141,0.108,0.136,0.103,0.119,0.139,0.138,0.119,0.119,0.102,0.118,0.187,0.13,0.116,0.111,
sub-102,0.09,0.111,0.099,0.139,0.1,0.127,0.119,0.124,0.126,0.135,0.126,0.145,0.114,0.139,0.083,0.112,0.103,0.135,0.111,0.143,0.12,0.123,0.1,0.118,0.122,0.126,0.115,0.121,0.117,0.119,0.156,0.132,0.128,0.119,0.103,0.12,0.116,0.141,0.119,0.115,0.123,0.123,0.12,0.133,0.121,0.143,0.11,0.128,0.085,0.116,0.106,0.128,0.117,0.146,0.104,0.144,0.103,0.119,0.126,0.13,0.117,0.122,0.109,0.118,0.154,0.135,0.115,0.126,
sub-103,0.104,0.096,0.11,0.134,0.111,0.125,0.12,0.134,0.124,0.123,0.125,0.143,0.121,0.115,0.125,0.107,0.117,0.134,0.12,0.127,0.113,0.125,0.103,0.126,0.118,0.137,0.117,0.125,0.109,0.13,0.185,0.148,0.132,0.133,0.103,0.112,0.109,0.131,0.115,0.128,0.126,0.122,0.13,0.13,0.141,0.141,0.126,0.118,0.097,0.114,0.106,0.123,0.123,0.114,0.118,0.139,0.104,0.119,0.127,0.132,0.117,0.121,0.111,0.122,0.181,0.133,0.118,0.114,
sub-104,0.089,0.113,0.108,0.138,0.125,0.127,0.115,0.121,0.118,0.131,0.124,0.143,0.127,0.113,0.094,0.104,0.102,0.109,0.123,0.135,0.1,0.122,0.1,0.126,0.137,0.123,0.113,0.112,0.106,0.107,0.143,0.145,0.141,0.126,0.098,0.104,0.098,0.133,0.123,0.127,0.112,0.123,0.119,0.132,0.133,0.141,0.112,0.113,0.087,0.109,0.119,0.125,0.121,0.114,0.091,0.119,0.099,0.115,0.119,0.123,0.107,0.111,0.103,0.125,0.146,0.144,0.101,0.124,
sub-105,0.094,0.106,0.109,0.142,0.104,0.12,0.12,0.121,0.108,0.136,0.134,0.14,0.114,0.127,0.094,0.109,0.111,0.147,0.117,0.143,0.101,0.128,0.106,0.126,0.134,0.133,0.115,0.117,0.118,0.125,0.149,0.123,0.125,0.126,0.111,0.129,0.103,0.143,0.094,0.128,0.129,0.14,0.112,0.141,0.133,0.142,0.124,0.119,0.083,0.105,0.11,0.137,0.117,0.145,0.113,0.131,0.106,0.122,0.129,0.131,0.118,0.119,0.11,0.136,0.138,0.122,0.126,0.137,
sub-112,0.103,0.115,0.112,0.146,0.129,0.129,0.129,0.14,0.124,0.138,0.127,0.142,0.131,0.124,0.077,0.108,0.113,0.121,0.117,0.141,0.108,0.132,0.1,0.128,0.148,0.14,0.119,0.119,0.118,0.124,0.148,0.127,0.129,0.119,0.092,0.113,0.112,0.144,0.135,0.134,0.131,0.124,0.138,0.142,0.139,0.149,0.127,0.118,0.097,0.11,0.117,0.134,0.123,0.158,0.11,0.135,0.108,0.133,0.136,0.137,0.12,0.119,0.109,0.124,0.153,0.128,0.126,0.114,
sub-113,0.096,0.102,0.125,0.13,0.114,0.123,0.128,0.127,0.124,0.134,0.135,0.144,0.135,0.124,0.086,0.128,0.128,0.132,0.124,0.129,0.113,0.116,0.118,0.123,0.112,0.138,0.129,0.128,0.113,0.121,0.176,0.133,0.129,0.129,0.099,0.154,0.107,0.131,0.121,0.118,0.122,0.123,0.118,0.137,0.128,0.14,0.13,0.112,0.082,0.102,0.113,0.133,0.121,0.132,0.099,0.142,0.118,0.12,0.155,0.127,0.127,0.117,0.098,0.111,0.144,0.115,0.118,0.128,
sub-114,0.086,0.084,0.105,0.141,0.128,0.136,0.125,0.123,0.111,0.129,0.127,0.136,0.113,0.109,0.083,0.114,0.115,0.141,0.13,0.124,0.104,0.116,0.101,0.122,0.114,0.136,0.115,0.125,0.103,0.118,0.156,0.144,0.106,0.132,0.113,0.127,0.108,0.129,0.134,0.13,0.122,0.129,0.122,0.133,0.12,0.133,0.118,0.111,0.094,0.102,0.104,0.146,0.124,0.161,0.102,0.125,0.1,0.127,0.116,0.124,0.114,0.111,0.1,0.118,0.147,0.14,0.115,0.125,
sub-115,0.073,0.13,0.098,0.15,0.146,0.135,0.124,0.118,0.123,0.127,0.13,0.145,0.135,0.125,0.098,0.104,0.104,0.158,0.122,0.133,0.107,0.133,0.098,0.122,0.131,0.125,0.109,0.13,0.106,0.127,0.16,0.169,0.133,0.123,0.076,0.123,0.105,0.133,0.128,0.123,0.119,0.127,0.125,0.128,0.131,0.147,0.109,0.131,0.095,0.1,0.112,0.13,0.12,0.119,0.105,0.128,0.105,0.128,0.125,0.129,0.11,0.115,0.106,0.129,0.13,0.154,0.134,0.124,
sub-116,0.079,0.102,0.103,0.124,0.085,0.116,0.122,0.115,0.116,0.127,0.127,0.141,0.121,0.118,0.086,0.1,0.111,0.14,0.114,0.126,0.097,0.108,0.095,0.116,0.138,0.129,0.116,0.114,0.104,0.133,0.16,0.131,0.115,0.125,0.108,0.115,0.107,0.129,0.113,0.118,0.119,0.12,0.111,0.128,0.112,0.133,0.117,0.111,0.081,0.102,0.115,0.12,0.115,0.129,0.1,0.116,0.101,0.111,0.139,0.129,0.116,0.114,0.102,0.109,0.135,0.131,0.117,0.12,
sub-117,0.107,0.112,0.106,0.135,0.125,0.134,0.119,0.133,0.141,0.134,0.13,0.137,0.128,0.128,0.083,0.102,0.115,0.136,0.123,0.122,0.111,0.13,0.108,0.118,0.149,0.137,0.119,0.111,0.106,0.127,0.15,0.141,0.089,0.128,0.111,0.117,0.108,0.133,0.127,0.12,0.125,0.133,0.124,0.129,0.136,0.133,0.126,0.123,0.077,0.102,0.116,0.143,0.119,0.133,0.105,0.139,0.106,0.127,0.129,0.136,0.123,0.122,0.096,0.116,0.146,0.149,0.113,0.117,
sub-12,0.088,0.116,0.107,0.137,0.132,0.123,0.126,0.12,0.112,0.122,0.131,0.132,0.137,0.111,0.073,0.108,0.111,0.143,0.11,0.151,0.092,0.115,0.095,0.117,0.131,0.129,0.121,0.112,0.098,0.116,0.171,0.129,0.131,0.12,0.091,0.122,0.104,0.121,0.108,0.12,0.13,0.119,0.115,0.123,0.128,0.136,0.127,0.106,0.091,0.092,0.108,0.142,0.118,0.127,0.1,0.127,0.097,0.111,0.122,0.124,0.115,0.112,0.093,0.111,0.161,0.149,0.133,0.113,
sub-120,0.089,0.118,0.109,0.139,0.108,0.117,0.118,0.127,0.125,0.128,0.123,0.134,0.119,0.131,0.079,0.099,0.101,0.142,0.129,0.146,0.097,0.133,0.105,0.117,0.131,0.133,0.118,0.112,0.097,0.122,0.158,0.138,0.141,0.129,0.097,0.129,0.104,0.138,0.104,0.122,0.113,0.136,0.129,0.128,0.119,0.135,0.122,0.121,0.085,0.1,0.113,0.142,0.116,0.133,0.105,0.138,0.101,0.119,0.129,0.13,0.115,0.117,0.098,0.116,0.148,0.14,0.105,0.124,
sub-121,0.093,0.092,0.117,0.131,0.113,0.142,0.119,0.125,0.118,0.14,0.132,0.142,0.117,0.132,0.11,0.105,0.117,0.153,0.103,0.143,0.104,0.125,0.099,0.119,0.122,0.129,0.11,0.114,0.111,0.115,0.165,0.141,0.137,0.131,0.089,0.115,0.105,0.135,0.126,0.125,0.113,0.119,0.115,0.135,0.128,0.144,0.13,0.113,0.094,0.103,0.105,0.14,0.117,0.136,0.094,0.129,0.098,0.124,0.126,0.136,0.11,0.115,0.102,0.125,0.15,0.147,0.11,0.125,
sub-122,0.085,0.117,0.111,0.139,0.115,0.141,0.123,0.137,0.116,0.131,0.142,0.146,0.129,0.119,0.072,0.107,0.108,0.151,0.122,0.138,0.104,0.131,0.1,0.127,0.11,0.146,0.121,0.12,0.104,0.117,0.201,0.152,0.098,0.134,0.105,0.124,0.111,0.142,0.155,0.124,0.121,0.139,0.12,0.134,0.141,0.149,0.133,0.13,0.102,0.109,0.117,0.151,0.133,0.137,0.096,0.136,0.105,0.132,0.134,0.145,0.124,0.117,0.11,0.119,0.177,0.153,0.133,0.131,
sub-123,0.079,0.118,0.106,0.128,0.167,0.115,0.106,0.113,0.113,0.13,0.136,0.132,0.124,0.107,0.091,0.116,0.109,0.127,0.109,0.118,0.096,0.117,0.099,0.115,0.128,0.129,0.111,0.118,0.092,0.114,0.172,0.13,0.087,0.119,0.086,0.11,0.11,0.136,0.112,0.123,0.117,0.113,0.119,0.137,0.129,0.141,0.109,0.108,0.099,0.114,0.108,0.131,0.115,0.139,0.101,0.128,0.099,0.121,0.118,0.131,0.113,0.116,0.09,0.118,0.145,0.157,0.115,0.12,
sub-124,0.071,0.133,0.102,0.138,0.105,0.114,0.126,0.108,0.113,0.129,0.114,0.135,0.114,0.12,0.077,0.115,0.109,0.135,0.113,0.155,0.103,0.12,0.103,0.113,0.117,0.124,0.115,0.113,0.104,0.118,0.156,0.124,0.126,0.125,0.09,0.126,0.105,0.128,0.129,0.115,0.115,0.125,0.11,0.133,0.125,0.136,0.125,0.122,0.081,0.121,0.112,0.126,0.115,0.131,0.092,0.123,0.109,0.123,0.141,0.124,0.121,0.113,0.099,0.121,0.145,0.12,0.117,0.122,
sub-125,0.106,0.12,0.115,0.136,0.098,0.121,0.125,0.137,0.136,0.129,0.133,0.137,0.13,0.132,0.079,0.11,0.112,0.142,0.111,0.134,0.112,0.135,0.106,0.124,0.132,0.141,0.126,0.128,0.107,0.13,0.177,0.154,0.133,0.129,0.097,0.125,0.116,0.143,0.104,0.123,0.134,0.134,0.127,0.136,0.136,0.138,0.134,0.122,0.092,0.103,0.118,0.156,0.133,0.136,0.106,0.139,0.106,0.133,0.138,0.143,0.125,0.131,0.107,0.126,0.163,0.131,0.126,0.134,
sub-126,0.091,0.132,0.103,0.141,0.117,0.133,0.121,0.119,0.109,0.136,0.132,0.139,0.116,0.127,0.094,0.106,0.113,0.152,0.118,0.125,0.101,0.134,0.102,0.128,0.124,0.138,0.118,0.124,0.097,0.117,0.152,0.138,0.123,0.131,0.088,0.122,0.119,0.128,0.112,0.132,0.121,0.121,0.118,0.129,0.139,0.143,0.126,0.122,0.093,0.121,0.125,0.134,0.118,0.141,0.093,0.126,0.104,0.119,0.133,0.146,0.121,0.113,0.102,0.12,0.177,0.136,0.115,0.134,
sub-127,0.105,0.124,0.103,0.131,0.108,0.129,0.122,0.116,0.13,0.134,0.12,0.142,0.139,0.12,0.079,0.108,0.109,0.127,0.116,0.128,0.1,0.118,0.099,0.124,0.14,0.126,0.112,0.109,0.101,0.121,0.169,0.127,0.106,0.122,0.09,0.116,0.098,0.142,0.089,0.131,0.114,0.119,0.127,0.138,0.144,0.154,0.113,0.12,0.082,0.093,0.109,0.131,0.12,0.141,0.108,0.137,0.108,0.12,0.134,0.135,0.114,0.109,0.094,0.108,0.159,0.129,0.1,0.115,
sub-128,0.079,0.115,0.107,0.136,0.124,0.119,0.114,0.124,0.11,0.124,0.12,0.146,0.116,0.126,0.075,0.113,0.1,0.139,0.107,0.149,0.102,0.131,0.102,0.125,0.126,0.126,0.115,0.123,0.096,0.122,0.147,0.16,0.103,0.125,0.08,0.112,0.108,0.141,0.152,0.113,0.123,0.12,0.115,0.136,0.127,0.146,0.128,0.122,0.075,0.119,0.103,0.144,0.121,0.132,0.106,0.116,0.103,0.122,0.124,0.133,0.117,0.114,0.09,0.137,0.162,0.133,0.099,0.117,
sub-129,0.091,0.101,0.111,0.153,0.123,0.124,0.119,0.128,0.101,0.143,0.131,0.151,0.118,0.118,0.084,0.107,0.109,0.134,0.123,0.149,0.102,0.118,0.102,0.119,0.127,0.134,0.115,0.11,0.103,0.113,0.15,0.151,0.125,0.128,0.077,0.135,0.112,0.141,0.122,0.116,0.12,0.134,0.12,0.135,0.13,0.153,0.127,0.115,0.085,0.101,0.114,0.152,0.117,0.146,0.104,0.123,0.104,0.122,0.136,0.133,0.116,0.115,0.103,0.109,0.178,0.135,0.119,0.125,
sub-13,0.091,0.112,0.114,0.142,0.125,0.13,0.122,0.129,0.131,0.129,0.129,0.144,0.131,0.141,0.091,0.117,0.1,0.151,0.12,0.126,0.126,0.119,0.113,0.121,0.114,0.134,0.124,0.121,0.115,0.139,0.17,0.145,0.141,0.117,0.067,0.11,0.12,0.139,0.12,0.125,0.122,0.123,0.131,0.131,0.132,0.145,0.129,0.12,0.087,0.123,0.108,0.135,0.118,0.123,0.11,0.122,0.113,0.124,0.149,0.128,0.121,0.117,0.098,0.128,0.168,0.151,0.103,0.118,
sub-130,0.12,0.115,0.111,0.153,0.119,0.136,0.115,0.132,0.125,0.126,0.124,0.137,0.136,0.114,0.104,0.095,0.119,0.142,0.121,0.141,0.105,0.121,0.099,0.119,0.116,0.13,0.117,0.116,0.112,0.119,0.165,0.141,0.105,0.123,0.095,0.123,0.105,0.126,0.16,0.123,0.11,0.118,0.108,0.129,0.121,0.136,0.129,0.113,0.086,0.099,0.12,0.13,0.114,0.137,0.102,0.134,0.1,0.117,0.133,0.129,0.116,0.106,0.093,0.108,0.175,0.136,0.107,0.125,
sub-131,0.107,0.099,0.114,0.153,0.132,0.118,0.123,0.119,0.128,0.132,0.128,0.134,0.123,0.119,0.073,0.111,0.112,0.134,0.12,0.143,0.124,0.155,0.115,0.128,0.107,0.128,0.118,0.124,0.097,0.129,0.161,0.123,0.093,0.129,0.108,0.131,0.112,0.134,0.123,0.131,0.123,0.112,0.129,0.134,0.136,0.134,0.126,0.112,0.084,0.098,0.116,0.151,0.13,0.171,0.111,0.134,0.104,0.135,0.132,0.135,0.121,0.122,0.1,0.133,0.151,0.161,0.094,0.127,
sub-132,0.107,0.091,0.105,0.133,0.121,0.12,0.12,0.128,0.116,0.13,0.125,0.138,0.116,0.121,0.077,0.123,0.113,0.144,0.129,0.139,0.114,0.116,0.108,0.126,0.123,0.139,0.119,0.122,0.111,0.127,0.145,0.143,0.12,0.122,0.094,0.131,0.112,0.137,0.16,0.116,0.125,0.122,0.123,0.129,0.123,0.139,0.123,0.125,0.088,0.11,0.113,0.153,0.123,0.133,0.1,0.124,0.101,0.125,0.129,0.137,0.122,0.113,0.109,0.121,0.148,0.133,0.123,0.123,
sub-133,0.113,0.096,0.111,0.148,0.112,0.136,0.123,0.126,0.12,0.138,0.12,0.136,0.115,0.131,0.082,0.114,0.119,0.142,0.115,0.13,0.109,0.113,0.106,0.133,0.123,0.136,0.122,0.121,0.109,0.12,0.156,0.136,0.113,0.126,0.083,0.122,0.117,0.135,0.087,0.111,0.124,0.118,0.118,0.135,0.137,0.129,0.132,0.116,0.075,0.103,0.106,0.139,0.119,0.121,0.105,0.125,0.101,0.122,0.145,0.131,0.117,0.126,0.1,0.126,0.144,0.156,0.107,0.121,
sub-135,0.082,0.093,0.116,0.131,0.117,0.128,0.117,0.122,0.131,0.125,0.129,0.141,0.126,0.126,0.069,0.106,0.105,0.146,0.138,0.119,0.113,0.116,0.11,0.125,0.126,0.136,0.113,0.113,0.098,0.123,0.149,0.161,0.123,0.124,0.108,0.116,0.115,0.125,0.157,0.124,0.121,0.125,0.134,0.124,0.131,0.139,0.127,0.13,0.081,0.102,0.119,0.136,0.123,0.117,0.111,0.13,0.109,0.126,0.135,0.132,0.122,0.115,0.107,0.123,0.145,0.128,0.125,0.133,
sub-137,0.079,0.115,0.116,0.139,0.121,0.122,0.118,0.124,0.11,0.127,0.131,0.146,0.115,0.117,0.08,0.094,0.116,0.122,0.13,0.153,0.1,0.106,0.101,0.122,0.125,0.137,0.111,0.118,0.1,0.12,0.158,0.146,0.112,0.124,0.1,0.126,0.098,0.143,0.089,0.118,0.117,0.123,0.117,0.136,0.126,0.141,0.121,0.113,0.085,0.092,0.109,0.141,0.111,0.137,0.106,0.13,0.101,0.123,0.134,0.132,0.113,0.115,0.096,0.126,0.163,0.125,0.13,0.128,
sub-138,0.102,0.1,0.102,0.129,0.095,0.117,0.114,0.123,0.113,0.135,0.126,0.14,0.104,0.119,0.077,0.11,0.106,0.14,0.122,0.127,0.102,0.127,0.1,0.121,0.119,0.135,0.115,0.118,0.105,0.12,0.151,0.122,0.105,0.13,0.114,0.089,0.111,0.132,0.122,0.114,0.13,0.124,0.112,0.137,0.128,0.144,0.124,0.119,0.081,0.112,0.113,0.14,0.126,0.125,0.104,0.118,0.098,0.123,0.121,0.125,0.114,0.113,0.113,0.126,0.159,0.128,0.133,0.131,
sub-14,0.107,0.126,0.105,0.136,0.116,0.12,0.117,0.132,0.115,0.129,0.129,0.131,0.116,0.116,0.077,0.105,0.101,0.116,0.11,0.111,0.103,0.126,0.103,0.126,0.13,0.13,0.118,0.114,0.108,0.121,0.167,0.138,0.117,0.129,0.085,0.127,0.098,0.133,0.137,0.121,0.122,0.116,0.113,0.133,0.147,0.138,0.128,0.11,0.103,0.104,0.104,0.13,0.112,0.15,0.104,0.121,0.096,0.117,0.099,0.123,0.117,0.112,0.111,0.115,0.16,0.135,0.136,0.12,
sub-15,0.089,0.115,0.097,0.148,0.131,0.128,0.124,0.123,0.114,0.126,0.13,0.139,0.118,0.12,0.129,0.11,0.107,0.15,0.124,0.151,0.108,0.117,0.108,0.125,0.127,0.123,0.113,0.116,0.108,0.137,0.145,0.145,0.121,0.116,0.082,0.109,0.112,0.142,0.135,0.119,0.119,0.115,0.12,0.125,0.127,0.146,0.119,0.113,0.097,0.111,0.107,0.137,0.118,0.139,0.115,0.118,0.112,0.119,0.122,0.125,0.113,0.106,0.102,0.12,0.162,0.162,0.146,0.115,
sub-16,0.095,0.111,0.109,0.145,0.121,0.122,0.121,0.132,0.111,0.136,0.131,0.14,0.119,0.119,0.067,0.107,0.112,0.124,0.112,0.134,0.102,0.13,0.096,0.12,0.125,0.128,0.114,0.119,0.099,0.112,0.154,0.135,0.128,0.127,0.088,0.121,0.112,0.138,0.124,0.122,0.121,0.114,0.109,0.132,0.121,0.144,0.126,0.117,0.103,0.102,0.107,0.135,0.105,0.133,0.09,0.126,0.096,0.117,0.148,0.125,0.119,0.113,0.102,0.113,0.147,0.147,0.098,0.118,
sub-18,0.098,0.137,0.108,0.147,0.117,0.127,0.122,0.124,0.128,0.129,0.126,0.136,0.118,0.117,0.09,0.102,0.114,0.158,0.115,0.13,0.106,0.123,0.106,0.129,0.124,0.135,0.115,0.122,0.101,0.121,0.177,0.125,0.112,0.124,0.088,0.108,0.112,0.14,0.121,0.124,0.123,0.127,0.124,0.143,0.125,0.141,0.13,0.101,0.082,0.099,0.104,0.132,0.119,0.149,0.108,0.135,0.106,0.127,0.113,0.127,0.116,0.127,0.116,0.12,0.149,0.14,0.137,0.12,
sub-19,0.087,0.124,0.108,0.141,0.113,0.127,0.123,0.121,0.119,0.13,0.124,0.138,0.126,0.128,0.092,0.11,0.095,0.132,0.114,0.132,0.101,0.128,0.098,0.125,0.111,0.135,0.115,0.111,0.099,0.124,0.162,0.154,0.098,0.121,0.089,0.133,0.105,0.147,0.116,0.123,0.117,0.12,0.114,0.138,0.125,0.15,0.13,0.114,0.089,0.106,0.109,0.132,0.117,0.125,0.097,0.123,0.102,0.114,0.115,0.134,0.12,0.114,0.095,0.123,0.154,0.12,0.144,0.117,
sub-20,0.095,0.107,0.116,0.147,0.129,0.129,0.13,0.15,0.125,0.147,0.136,0.139,0.127,0.127,0.087,0.129,0.103,0.134,0.123,0.14,0.128,0.118,0.116,0.131,0.115,0.14,0.127,0.131,0.116,0.137,0.159,0.143,0.128,0.131,0.102,0.121,0.115,0.134,0.134,0.122,0.126,0.126,0.125,0.143,0.135,0.145,0.12,0.112,0.092,0.121,0.11,0.134,0.116,0.138,0.131,0.141,0.128,0.124,0.133,0.126,0.12,0.126,0.101,0.126,0.168,0.146,0.125,0.136,
sub-21,0.097,0.106,0.106,0.144,0.124,0.131,0.119,0.12,0.14,0.131,0.136,0.145,0.126,0.12,0.082,0.119,0.104,0.157,0.12,0.147,0.109,0.134,0.104,0.127,0.107,0.128,0.118,0.115,0.11,0.124,0.181,0.167,0.143,0.114,0.107,0.122,0.104,0.143,0.117,0.117,0.117,0.131,0.125,0.135,0.135,0.141,0.121,0.11,0.075,0.108,0.106,0.123,0.117,0.115,0.108,0.127,0.104,0.116,0.133,0.129,0.12,0.117,0.117,0.127,0.155,0.156,0.109,0.118,
sub-22,0.089,0.108,0.105,0.136,0.113,0.125,0.119,0.11,0.113,0.12,0.118,0.138,0.123,0.116,0.076,0.104,0.115,0.151,0.124,0.123,0.103,0.114,0.104,0.113,0.128,0.132,0.119,0.114,0.101,0.116,0.163,0.138,0.132,0.121,0.086,0.132,0.104,0.139,0.104,0.121,0.126,0.115,0.12,0.125,0.132,0.128,0.115,0.108,0.077,0.106,0.112,0.138,0.121,0.133,0.102,0.124,0.106,0.123,0.138,0.133,0.117,0.114,0.095,0.126,0.167,0.146,0.126,0.113,
sub-23,0.088,0.134,0.114,0.146,0.105,0.132,0.131,0.12,0.131,0.135,0.126,0.144,0.116,0.114,0.102,0.1,0.114,0.139,0.127,0.127,0.103,0.135,0.102,0.128,0.129,0.122,0.121,0.118,0.096,0.12,0.152,0.148,0.143,0.131,0.103,0.116,0.107,0.138,0.125,0.123,0.115,0.117,0.117,0.136,0.131,0.133,0.127,0.125,0.088,0.102,0.114,0.145,0.126,0.123,0.098,0.134,0.108,0.125,0.128,0.134,0.119,0.112,0.1,0.119,0.175,0.135,0.124,0.122,
sub-25,0.098,0.089,0.123,0.146,0.17,0.14,0.133,0.138,0.131,0.141,0.146,0.147,0.145,0.14,0.097,0.124,0.119,0.16,0.128,0.129,0.117,0.143,0.121,0.132,0.109,0.149,0.128,0.131,0.128,0.125,0.167,0.182,0.135,0.136,0.111,0.129,0.114,0.141,0.156,0.124,0.129,0.129,0.129,0.138,0.158,0.146,0.149,0.133,0.099,0.128,0.123,0.143,0.121,0.151,0.122,0.148,0.122,0.124,0.107,0.139,0.125,0.122,0.123,0.145,0.17,0.172,0.118,0.144,
sub-26,0.1,0.084,0.11,0.144,0.113,0.134,0.128,0.144,0.147,0.143,0.132,0.147,0.114,0.128,0.078,0.124,0.108,0.144,0.114,0.134,0.114,0.125,0.108,0.135,0.107,0.128,0.114,0.121,0.109,0.133,0.163,0.145,0.155,0.114,0.102,0.115,0.098,0.14,0.117,0.115,0.126,0.126,0.114,0.133,0.124,0.142,0.114,0.114,0.079,0.127,0.11,0.135,0.127,0.142,0.11,0.125,0.105,0.128,0.109,0.122,0.115,0.114,0.11,0.123,0.165,0.14,0.134,0.118,
sub-27,0.088,0.093,0.103,0.133,0.128,0.121,0.118,0.119,0.127,0.132,0.131,0.129,0.125,0.116,0.093,0.085,0.104,0.156,0.114,0.136,0.106,0.123,0.1,0.121,0.124,0.132,0.115,0.114,0.11,0.111,0.23,0.147,0.134,0.122,0.102,0.109,0.115,0.133,0.141,0.131,0.12,0.125,0.129,0.137,0.132,0.143,0.128,0.113,0.097,0.108,0.108,0.128,0.122,0.137,0.1,0.138,0.092,0.13,0.133,0.128,0.11,0.125,0.112,0.114,0.189,0.163,0.155,0.124,
sub-28,0.089,0.098,0.111,0.133,0.091,0.131,0.114,0.124,0.126,0.134,0.116,0.14,0.135,0.118,0.079,0.097,0.11,0.142,0.12,0.103,0.101,0.139,0.099,0.125,0.088,0.125,0.112,0.117,0.103,0.115,0.182,0.136,0.127,0.121,0.084,0.135,0.106,0.118,0.108,0.128,0.114,0.119,0.118,0.14,0.122,0.141,0.116,0.12,0.079,0.09,0.109,0.144,0.115,0.121,0.095,0.127,0.096,0.111,0.106,0.125,0.111,0.112,0.092,0.11,0.147,0.133,0.091,0.118,
sub-32,0.088,0.092,0.117,0.133,0.102,0.121,0.126,0.116,0.118,0.136,0.126,0.124,0.121,0.118,0.095,0.107,0.111,0.141,0.128,0.107,0.105,0.121,0.099,0.123,0.123,0.138,0.119,0.121,0.107,0.128,0.155,0.117,0.115,0.129,0.106,0.127,0.113,0.133,0.105,0.123,0.12,0.119,0.127,0.129,0.132,0.139,0.128,0.113,0.087,0.112,0.121,0.139,0.106,0.13,0.091,0.134,0.098,0.125,0.119,0.13,0.117,0.109,0.099,0.114,0.127,0.13,0.129,0.115,
sub-33,0.084,0.097,0.107,0.147,0.104,0.133,0.123,0.132,0.117,0.131,0.141,0.144,0.13,0.117,0.075,0.1,0.125,0.141,0.139,0.142,0.106,0.123,0.102,0.127,0.118,0.137,0.118,0.122,0.1,0.118,0.186,0.135,0.124,0.123,0.108,0.111,0.107,0.146,0.102,0.127,0.136,0.13,0.129,0.142,0.14,0.138,0.122,0.113,0.083,0.103,0.109,0.146,0.123,0.142,0.102,0.134,0.104,0.127,0.114,0.132,0.121,0.121,0.117,0.121,0.163,0.129,0.126,0.131,
sub-35,0.104,0.13,0.152,0.156,0.15,0.133,0.14,0.131,0.123,0.138,0.147,0.147,0.138,0.146,0.096,0.134,0.126,0.197,0.141,0.147,0.133,0.124,0.131,0.132,0.141,0.147,0.14,0.136,0.117,0.14,0.185,0.134,0.14,0.134,0.101,0.117,0.122,0.144,0.156,0.13,0.139,0.137,0.116,0.148,0.151,0.147,0.139,0.113,0.08,0.125,0.129,0.141,0.126,0.139,0.125,0.138,0.132,0.128,0.149,0.138,0.132,0.129,0.11,0.142,0.167,0.154,0.142,0.131,
sub-36,0.078,0.077,0.101,0.137,0.139,0.121,0.12,0.127,0.117,0.14,0.138,0.142,0.132,0.125,0.081,0.105,0.121,0.152,0.138,0.142,0.099,0.126,0.106,0.12,0.131,0.143,0.124,0.116,0.116,0.14,0.145,0.151,0.106,0.123,0.08,0.132,0.128,0.134,0.112,0.127,0.121,0.127,0.119,0.138,0.146,0.138,0.142,0.119,0.091,0.11,0.115,0.136,0.128,0.139,0.099,0.123,0.101,0.126,0.13,0.148,0.13,0.117,0.114,0.12,0.194,0.14,0.129,0.12,
sub-37,0.096,0.075,0.104,0.147,0.104,0.115,0.131,0.128,0.126,0.139,0.127,0.138,0.129,0.119,0.075,0.111,0.108,0.138,0.127,0.142,0.104,0.13,0.104,0.128,0.124,0.136,0.116,0.117,0.108,0.113,0.152,0.134,0.114,0.124,0.116,0.119,0.11,0.143,0.115,0.114,0.131,0.121,0.121,0.134,0.136,0.139,0.124,0.112,0.079,0.11,0.104,0.131,0.126,0.141,0.098,0.116,0.103,0.128,0.112,0.127,0.116,0.122,0.101,0.123,0.165,0.135,0.112,0.118,
sub-38,0.101,0.128,0.112,0.16,0.112,0.133,0.116,0.124,0.12,0.135,0.131,0.148,0.14,0.12,0.075,0.112,0.124,0.132,0.124,0.145,0.109,0.124,0.108,0.129,0.147,0.144,0.121,0.12,0.108,0.123,0.171,0.127,0.117,0.122,0.104,0.116,0.103,0.147,0.095,0.129,0.133,0.132,0.123,0.143,0.143,0.15,0.132,0.123,0.083,0.11,0.115,0.149,0.116,0.13,0.109,0.123,0.107,0.132,0.123,0.137,0.115,0.125,0.106,0.124,0.155,0.134,0.096,0.12,
sub-39,0.074,0.073,0.118,0.155,0.101,0.133,0.119,0.135,0.124,0.144,0.129,0.141,0.125,0.126,0.078,0.104,0.117,0.126,0.121,0.122,0.119,0.12,0.114,0.121,0.108,0.131,0.116,0.124,0.101,0.123,0.164,0.142,0.124,0.125,0.111,0.115,0.107,0.148,0.102,0.125,0.125,0.123,0.141,0.141,0.14,0.134,0.122,0.112,0.08,0.114,0.108,0.142,0.133,0.128,0.118,0.128,0.1,0.124,0.139,0.132,0.114,0.122,0.102,0.116,0.163,0.124,0.137,0.123,
sub-40,0.098,0.11,0.107,0.142,0.099,0.128,0.118,0.129,0.106,0.128,0.123,0.139,0.125,0.113,0.075,0.115,0.099,0.145,0.097,0.142,0.113,0.111,0.102,0.122,0.118,0.128,0.11,0.121,0.105,0.117,0.142,0.13,0.132,0.119,0.095,0.126,0.111,0.14,0.147,0.128,0.129,0.13,0.114,0.132,0.129,0.134,0.113,0.118,0.096,0.119,0.104,0.127,0.121,0.152,0.109,0.126,0.103,0.113,0.124,0.13,0.117,0.121,0.101,0.12,0.155,0.137,0.13,0.115,
sub-41,0.088,0.115,0.114,0.132,0.106,0.122,0.119,0.116,0.121,0.13,0.123,0.14,0.108,0.125,0.077,0.103,0.104,0.16,0.131,0.125,0.104,0.113,0.097,0.12,0.124,0.135,0.114,0.119,0.102,0.123,0.149,0.13,0.121,0.124,0.103,0.12,0.106,0.114,0.127,0.121,0.124,0.115,0.118,0.127,0.129,0.135,0.124,0.12,0.079,0.097,0.107,0.141,0.128,0.13,0.101,0.122,0.095,0.122,0.119,0.127,0.114,0.112,0.106,0.129,0.139,0.127,0.133,0.121,
sub-42,0.099,0.12,0.12,0.143,0.137,0.152,0.132,0.137,0.139,0.16,0.147,0.166,0.138,0.141,0.092,0.114,0.11,0.178,0.123,0.141,0.112,0.132,0.109,0.132,0.124,0.141,0.125,0.127,0.126,0.121,0.159,0.142,0.139,0.128,0.118,0.133,0.119,0.159,0.156,0.147,0.137,0.143,0.14,0.148,0.146,0.172,0.133,0.129,0.121,0.128,0.117,0.153,0.128,0.14,0.13,0.141,0.12,0.139,0.155,0.138,0.126,0.128,0.124,0.141,0.175,0.16,0.132,0.131,
sub-43,0.1,0.124,0.101,0.163,0.077,0.127,0.12,0.12,0.126,0.127,0.119,0.142,0.111,0.123,0.078,0.118,0.111,0.144,0.107,0.14,0.101,0.144,0.098,0.12,0.131,0.125,0.113,0.113,0.089,0.121,0.144,0.127,0.126,0.116,0.096,0.125,0.099,0.145,0.093,0.126,0.125,0.12,0.115,0.134,0.126,0.135,0.121,0.103,0.07,0.128,0.11,0.125,0.107,0.14,0.097,0.131,0.097,0.12,0.139,0.13,0.115,0.112,0.093,0.103,0.164,0.142,0.107,0.125,
sub-44,0.093,0.114,0.113,0.134,0.115,0.123,0.127,0.131,0.119,0.142,0.132,0.147,0.116,0.119,0.07,0.108,0.111,0.141,0.122,0.131,0.106,0.126,0.104,0.12,0.132,0.139,0.123,0.122,0.101,0.133,0.16,0.158,0.143,0.131,0.115,0.114,0.115,0.138,0.084,0.118,0.132,0.137,0.132,0.139,0.122,0.148,0.125,0.125,0.077,0.117,0.107,0.13,0.116,0.128,0.108,0.127,0.106,0.117,0.139,0.129,0.12,0.122,0.113,0.125,0.162,0.138,0.101,0.136,
sub-45,0.097,0.085,0.101,0.134,0.113,0.131,0.119,0.133,0.123,0.135,0.12,0.138,0.124,0.121,0.084,0.103,0.11,0.145,0.113,0.147,0.105,0.124,0.104,0.115,0.11,0.125,0.117,0.121,0.11,0.121,0.159,0.133,0.115,0.126,0.09,0.121,0.103,0.138,0.108,0.113,0.122,0.118,0.114,0.136,0.126,0.144,0.117,0.112,0.084,0.104,0.105,0.133,0.122,0.13,0.108,0.117,0.105,0.118,0.123,0.118,0.114,0.119,0.1,0.12,0.152,0.142,0.129,0.119,
sub-46,0.082,0.11,0.109,0.134,0.108,0.123,0.117,0.121,0.123,0.128,0.13,0.137,0.131,0.115,0.078,0.103,0.112,0.151,0.119,0.125,0.112,0.122,0.105,0.122,0.119,0.133,0.114,0.117,0.107,0.128,0.143,0.154,0.133,0.116,0.088,0.127,0.109,0.14,0.11,0.129,0.123,0.122,0.124,0.124,0.135,0.135,0.115,0.113,0.097,0.102,0.114,0.142,0.12,0.138,0.111,0.132,0.105,0.126,0.138,0.137,0.117,0.116,0.106,0.111,0.179,0.143,0.135,0.121,
sub-47,0.106,0.128,0.105,0.135,0.135,0.128,0.114,0.12,0.121,0.13,0.13,0.153,0.131,0.119,0.106,0.115,0.109,0.142,0.12,0.145,0.124,0.119,0.108,0.112,0.143,0.136,0.12,0.125,0.114,0.134,0.173,0.128,0.136,0.13,0.098,0.141,0.111,0.134,0.116,0.121,0.125,0.128,0.128,0.137,0.135,0.141,0.131,0.113,0.093,0.109,0.106,0.127,0.115,0.124,0.102,0.134,0.101,0.123,0.136,0.127,0.116,0.122,0.099,0.133,0.163,0.196,0.135,0.119,
sub-48,0.108,0.142,0.101,0.142,0.103,0.125,0.125,0.12,0.129,0.135,0.129,0.147,0.118,0.12,0.09,0.114,0.124,0.136,0.146,0.128,0.109,0.118,0.101,0.118,0.13,0.139,0.12,0.123,0.116,0.123,0.172,0.12,0.107,0.13,0.081,0.122,0.112,0.143,0.107,0.126,0.124,0.126,0.124,0.139,0.126,0.144,0.114,0.112,0.084,0.119,0.112,0.127,0.12,0.118,0.108,0.126,0.099,0.123,0.114,0.125,0.117,0.125,0.113,0.128,0.134,0.133,0.116,0.125,
sub-49,0.101,0.098,0.118,0.133,0.19,0.132,0.119,0.127,0.116,0.138,0.14,0.152,0.135,0.118,0.125,0.121,0.12,0.143,0.134,0.141,0.121,0.12,0.114,0.124,0.12,0.142,0.118,0.119,0.118,0.123,0.15,0.154,0.114,0.132,0.097,0.096,0.125,0.14,0.136,0.128,0.121,0.127,0.121,0.136,0.144,0.15,0.127,0.11,0.096,0.118,0.106,0.168,0.133,0.137,0.119,0.133,0.112,0.128,0.126,0.139,0.119,0.119,0.109,0.121,0.172,0.177,0.099,0.144,
sub-50,0.091,0.123,0.101,0.142,0.136,0.133,0.119,0.119,0.105,0.141,0.127,0.147,0.129,0.125,0.102,0.1,0.109,0.139,0.115,0.128,0.098,0.112,0.101,0.121,0.124,0.132,0.109,0.117,0.11,0.12,0.185,0.13,0.107,0.124,0.105,0.115,0.116,0.144,0.141,0.125,0.115,0.12,0.12,0.133,0.129,0.131,0.123,0.113,0.081,0.109,0.106,0.131,0.129,0.134,0.104,0.123,0.1,0.119,0.127,0.129,0.114,0.119,0.099,0.12,0.172,0.129,0.13,0.128,
sub-51,0.094,0.107,0.109,0.151,0.107,0.133,0.131,0.133,0.13,0.141,0.137,0.148,0.121,0.125,0.079,0.115,0.117,0.158,0.115,0.119,0.108,0.126,0.111,0.14,0.153,0.132,0.119,0.123,0.118,0.12,0.177,0.126,0.111,0.134,0.089,0.132,0.115,0.149,0.141,0.133,0.129,0.122,0.135,0.142,0.142,0.149,0.12,0.115,0.098,0.113,0.106,0.128,0.128,0.115,0.099,0.133,0.103,0.131,0.154,0.128,0.121,0.121,0.113,0.123,0.162,0.14,0.134,0.123,
sub-52,0.084,0.114,0.109,0.13,0.098,0.128,0.106,0.115,0.113,0.127,0.129,0.139,0.119,0.127,0.089,0.097,0.11,0.154,0.126,0.14,0.107,0.131,0.102,0.121,0.125,0.131,0.115,0.116,0.108,0.118,0.144,0.128,0.102,0.126,0.092,0.121,0.105,0.129,0.1,0.123,0.117,0.119,0.119,0.138,0.131,0.14,0.112,0.109,0.086,0.095,0.109,0.136,0.122,0.15,0.095,0.122,0.1,0.121,0.125,0.13,0.115,0.112,0.101,0.106,0.143,0.13,0.102,0.125,
sub-53,0.104,0.116,0.106,0.15,0.135,0.131,0.126,0.121,0.127,0.145,0.136,0.152,0.127,0.136,0.097,0.107,0.121,0.144,0.131,0.126,0.123,0.138,0.111,0.124,0.133,0.143,0.124,0.125,0.115,0.136,0.159,0.171,0.093,0.128,0.107,0.12,0.113,0.122,0.162,0.13,0.119,0.133,0.128,0.145,0.13,0.147,0.131,0.125,0.104,0.109,0.121,0.129,0.126,0.147,0.117,0.145,0.116,0.126,0.148,0.136,0.123,0.122,0.097,0.126,0.174,0.151,0.102,0.122,
sub-992001,0.095,0.123,0.115,0.154,0.121,0.148,0.126,0.139,0.123,0.139,0.134,0.146,0.13,0.137,0.093,0.125,0.114,0.15,0.123,0.14,0.118,0.135,0.11,0.131,0.136,0.135,0.126,0.128,0.112,0.133,0.187,0.161,0.11,0.134,0.107,0.125,0.109,0.15,0.137,0.142,0.126,0.138,0.132,0.142,0.141,0.151,0.139,0.129,0.089,0.115,0.114,0.131,0.123,0.129,0.106,0.148,0.112,0.135,0.137,0.129,0.128,0.122,0.109,0.131,0.162,0.156,0.1,0.132,
sub-992002,0.09,0.091,0.107,0.132,0.116,0.119,0.117,0.131,0.114,0.137,0.121,0.134,0.114,0.117,0.074,0.108,0.1,0.151,0.12,0.132,0.102,0.129,0.097,0.12,0.107,0.129,0.117,0.118,0.107,0.114,0.151,0.12,0.093,0.123,0.095,0.097,0.108,0.124,0.094,0.115,0.124,0.119,0.117,0.136,0.133,0.138,0.12,0.12,0.08,0.128,0.107,0.12,0.118,0.145,0.1,0.133,0.099,0.116,0.114,0.126,0.119,0.114,0.096,0.113,0.156,0.116,0.099,0.123,
sub-992003,0.126,0.124,0.118,0.145,0.126,0.117,0.128,0.14,0.127,0.142,0.135,0.143,0.128,0.13,0.076,0.113,0.115,0.157,0.132,0.139,0.117,0.136,0.114,0.134,0.13,0.143,0.124,0.124,0.112,0.129,0.146,0.149,0.126,0.124,0.115,0.126,0.113,0.144,0.091,0.122,0.128,0.135,0.14,0.145,0.131,0.158,0.117,0.132,0.083,0.117,0.104,0.15,0.121,0.142,0.117,0.143,0.11,0.135,0.133,0.138,0.127,0.133,0.119,0.127,0.167,0.144,0.129,0.126,
sub-992004,0.082,0.093,0.118,0.137,0.092,0.114,0.115,0.116,0.12,0.127,0.119,0.13,0.116,0.119,0.076,0.117,0.109,0.139,0.129,0.126,0.103,0.117,0.108,0.125,0.112,0.135,0.114,0.117,0.099,0.116,0.145,0.127,0.098,0.119,0.093,0.099,0.111,0.132,0.114,0.116,0.115,0.124,0.109,0.136,0.127,0.129,0.119,0.112,0.075,0.106,0.114,0.148,0.121,0.117,0.1,0.112,0.107,0.116,0.085,0.132,0.121,0.119,0.095,0.113,0.164,0.133,0.098,0.115,
sub-992006,0.13,0.082,0.111,0.145,0.108,0.124,0.121,0.128,0.122,0.139,0.143,0.134,0.134,0.12,0.092,0.11,0.116,0.147,0.115,0.13,0.113,0.12,0.105,0.126,0.115,0.132,0.122,0.121,0.105,0.128,0.15,0.112,0.112,0.131,0.102,0.128,0.11,0.136,0.123,0.127,0.126,0.112,0.125,0.139,0.137,0.146,0.119,0.122,0.077,0.111,0.115,0.149,0.125,0.152,0.103,0.121,0.103,0.131,0.132,0.135,0.118,0.128,0.099,0.129,0.157,0.13,0.105,0.126,
sub-992007,0.079,0.127,0.105,0.139,0.105,0.133,0.109,0.116,0.129,0.136,0.117,0.154,0.13,0.107,0.112,0.111,0.112,0.144,0.123,0.142,0.095,0.127,0.101,0.116,0.122,0.132,0.118,0.114,0.096,0.115,0.145,0.146,0.146,0.129,0.089,0.107,0.115,0.135,0.106,0.122,0.119,0.113,0.13,0.136,0.131,0.139,0.134,0.103,0.078,0.112,0.104,0.132,0.099,0.13,0.093,0.123,0.102,0.124,0.131,0.131,0.113,0.113,0.097,0.114,0.148,0.136,0.116,0.121,
sub-992008,0.102,0.124,0.098,0.153,0.097,0.122,0.118,0.118,0.109,0.128,0.124,0.15,0.126,0.11,0.083,0.113,0.103,0.151,0.128,0.143,0.107,0.126,0.11,0.117,0.113,0.131,0.111,0.109,0.107,0.11,0.189,0.141,0.091,0.127,0.109,0.121,0.105,0.139,0.117,0.127,0.116,0.119,0.121,0.133,0.128,0.14,0.118,0.116,0.09,0.096,0.11,0.135,0.118,0.125,0.105,0.113,0.107,0.121,0.131,0.123,0.111,0.112,0.103,0.11,0.171,0.148,0.108,0.117,
sub-992009,0.091,0.114,0.113,0.134,0.102,0.134,0.12,0.137,0.116,0.132,0.133,0.133,0.133,0.117,0.075,0.119,0.109,0.138,0.107,0.124,0.104,0.122,0.093,0.125,0.127,0.13,0.12,0.118,0.112,0.124,0.18,0.164,0.106,0.123,0.091,0.139,0.103,0.13,0.082,0.13,0.127,0.132,0.114,0.131,0.135,0.132,0.118,0.117,0.078,0.115,0.1,0.13,0.108,0.117,0.101,0.127,0.1,0.117,0.13,0.123,0.118,0.116,0.089,0.127,0.159,0.146,0.126,0.116,
sub-99201,0.102,0.089,0.11,0.141,0.135,0.126,0.122,0.127,0.119,0.133,0.145,0.161,0.12,0.139,0.113,0.113,0.122,0.156,0.119,0.14,0.108,0.12,0.106,0.123,0.126,0.139,0.116,0.116,0.113,0.121,0.165,0.145,0.131,0.125,0.086,0.128,0.111,0.139,0.121,0.136,0.118,0.126,0.129,0.142,0.138,0.148,0.118,0.123,0.081,0.11,0.109,0.14,0.121,0.141,0.102,0.138,0.1,0.132,0.121,0.131,0.114,0.112,0.112,0.11,0.171,0.159,0.149,0.129,
sub-992010,0.092,0.132,0.114,0.13,0.113,0.14,0.128,0.121,0.126,0.143,0.142,0.146,0.145,0.131,0.123,0.103,0.126,0.148,0.144,0.132,0.108,0.124,0.105,0.126,0.134,0.136,0.121,0.116,0.113,0.126,0.166,0.165,0.118,0.143,0.104,0.13,0.114,0.131,0.128,0.129,0.128,0.136,0.132,0.145,0.139,0.142,0.133,0.123,0.107,0.097,0.12,0.146,0.129,0.146,0.105,0.121,0.112,0.122,0.119,0.145,0.123,0.116,0.113,0.129,0.167,0.142,0.13,0.123,
sub-992011,0.1,0.105,0.11,0.139,0.109,0.119,0.123,0.131,0.112,0.132,0.121,0.141,0.127,0.122,0.076,0.084,0.112,0.142,0.121,0.125,0.117,0.119,0.101,0.123,0.105,0.14,0.122,0.121,0.113,0.14,0.172,0.126,0.121,0.129,0.096,0.116,0.105,0.138,0.141,0.114,0.123,0.13,0.108,0.129,0.132,0.143,0.121,0.127,0.073,0.097,0.107,0.15,0.13,0.134,0.109,0.125,0.108,0.113,0.139,0.13,0.117,0.114,0.107,0.127,0.153,0.14,0.118,0.119,
sub-992012,0.113,0.115,0.111,0.141,0.173,0.133,0.128,0.127,0.135,0.138,0.146,0.147,0.149,0.126,0.099,0.12,0.112,0.145,0.117,0.133,0.118,0.133,0.114,0.131,0.121,0.138,0.122,0.121,0.125,0.129,0.162,0.178,0.146,0.136,0.103,0.11,0.114,0.147,0.122,0.136,0.131,0.148,0.12,0.141,0.157,0.143,0.128,0.127,0.097,0.109,0.127,0.164,0.13,0.124,0.113,0.129,0.116,0.13,0.129,0.132,0.123,0.127,0.12,0.118,0.172,0.175,0.139,0.131,
sub-992013,0.091,0.133,0.111,0.149,0.137,0.132,0.123,0.129,0.12,0.135,0.135,0.149,0.121,0.121,0.092,0.107,0.119,0.16,0.124,0.137,0.108,0.113,0.104,0.126,0.13,0.14,0.121,0.126,0.102,0.121,0.183,0.129,0.129,0.127,0.087,0.119,0.116,0.15,0.122,0.132,0.124,0.128,0.121,0.135,0.141,0.154,0.135,0.116,0.08,0.103,0.115,0.158,0.119,0.134,0.104,0.135,0.11,0.124,0.147,0.133,0.123,0.11,0.115,0.122,0.212,0.139,0.118,0.12,
sub-992014,0.103,0.091,0.109,0.132,0.104,0.125,0.123,0.128,0.11,0.131,0.14,0.146,0.127,0.122,0.094,0.102,0.116,0.146,0.123,0.128,0.099,0.131,0.104,0.119,0.129,0.138,0.117,0.116,0.103,0.12,0.156,0.141,0.106,0.124,0.11,0.096,0.107,0.129,0.115,0.122,0.118,0.129,0.132,0.132,0.142,0.149,0.128,0.115,0.085,0.095,0.11,0.141,0.135,0.142,0.1,0.131,0.101,0.125,0.126,0.136,0.12,0.123,0.098,0.116,0.173,0.141,0.125,0.12,
sub-992015,0.084,0.1,0.104,0.148,0.105,0.118,0.137,0.126,0.123,0.131,0.125,0.149,0.136,0.117,0.094,0.112,0.103,0.141,0.122,0.14,0.106,0.136,0.105,0.122,0.12,0.133,0.118,0.12,0.122,0.133,0.174,0.136,0.145,0.139,0.083,0.127,0.099,0.144,0.111,0.126,0.122,0.131,0.124,0.136,0.139,0.142,0.129,0.133,0.089,0.1,0.108,0.144,0.124,0.14,0.094,0.131,0.098,0.13,0.143,0.129,0.12,0.113,0.114,0.129,0.17,0.153,0.099,0.126,
sub-992016,0.086,0.11,0.1,0.137,0.144,0.136,0.12,0.127,0.112,0.129,0.134,0.128,0.125,0.122,0.092,0.102,0.118,0.148,0.106,0.111,0.108,0.116,0.095,0.121,0.128,0.141,0.115,0.117,0.098,0.126,0.143,0.142,0.11,0.125,0.089,0.14,0.113,0.137,0.141,0.127,0.127,0.125,0.121,0.132,0.134,0.147,0.142,0.112,0.1,0.114,0.111,0.15,0.102,0.148,0.103,0.124,0.101,0.123,0.138,0.139,0.122,0.116,0.092,0.123,0.138,0.169,0.092,0.129,
sub-992017,0.102,0.132,0.112,0.13,0.109,0.127,0.12,0.127,0.113,0.137,0.127,0.15,0.123,0.113,0.112,0.107,0.114,0.138,0.106,0.125,0.107,0.119,0.107,0.123,0.117,0.124,0.118,0.114,0.096,0.107,0.173,0.13,0.132,0.125,0.102,0.1,0.11,0.129,0.113,0.12,0.112,0.121,0.103,0.133,0.127,0.149,0.114,0.119,0.08,0.103,0.102,0.138,0.11,0.148,0.101,0.13,0.106,0.124,0.127,0.128,0.111,0.111,0.109,0.112,0.137,0.14,0.124,0.118,
sub-992018,0.091,0.091,0.097,0.133,0.119,0.12,0.109,0.126,0.119,0.127,0.129,0.127,0.119,0.114,0.076,0.096,0.099,0.128,0.113,0.126,0.101,0.105,0.095,0.115,0.122,0.121,0.11,0.118,0.103,0.117,0.139,0.122,0.107,0.122,0.113,0.103,0.102,0.134,0.134,0.113,0.112,0.123,0.124,0.123,0.118,0.131,0.109,0.118,0.09,0.105,0.109,0.136,0.108,0.128,0.102,0.128,0.093,0.12,0.117,0.117,0.113,0.11,0.113,0.117,0.141,0.129,0.139,0.12,
sub-992019,0.102,0.111,0.108,0.126,0.108,0.117,0.113,0.113,0.107,0.127,0.117,0.134,0.12,0.109,0.079,0.106,0.103,0.134,0.111,0.13,0.102,0.111,0.095,0.126,0.128,0.128,0.116,0.108,0.109,0.119,0.149,0.116,0.122,0.127,0.077,0.117,0.105,0.125,0.112,0.123,0.11,0.119,0.102,0.131,0.13,0.137,0.126,0.111,0.078,0.111,0.11,0.131,0.116,0.128,0.09,0.13,0.097,0.112,0.135,0.125,0.117,0.111,0.095,0.128,0.161,0.134,0.098,0.121,
sub-99202,0.1,0.096,0.105,0.151,0.141,0.139,0.138,0.14,0.131,0.142,0.132,0.16,0.123,0.127,0.095,0.105,0.11,0.139,0.112,0.143,0.112,0.131,0.11,0.124,0.13,0.129,0.112,0.119,0.101,0.13,0.147,0.175,0.139,0.126,0.098,0.114,0.105,0.146,0.156,0.127,0.141,0.132,0.121,0.145,0.142,0.153,0.122,0.116,0.09,0.111,0.102,0.137,0.101,0.128,0.107,0.123,0.109,0.12,0.135,0.123,0.107,0.122,0.106,0.13,0.151,0.152,0.097,0.128,
sub-992020,0.078,0.117,0.113,0.144,0.114,0.14,0.127,0.12,0.125,0.123,0.129,0.142,0.118,0.112,0.088,0.114,0.117,0.125,0.125,0.143,0.097,0.127,0.104,0.122,0.119,0.136,0.12,0.123,0.108,0.129,0.15,0.163,0.135,0.131,0.098,0.129,0.12,0.147,0.127,0.131,0.133,0.119,0.127,0.132,0.147,0.139,0.119,0.11,0.091,0.105,0.119,0.153,0.112,0.119,0.103,0.121,0.106,0.127,0.12,0.137,0.121,0.125,0.112,0.132,0.165,0.141,0.147,0.128,
sub-992021,0.106,0.128,0.101,0.141,0.13,0.132,0.124,0.138,0.124,0.135,0.138,0.142,0.146,0.125,0.087,0.112,0.113,0.148,0.112,0.134,0.112,0.124,0.102,0.117,0.129,0.132,0.117,0.117,0.108,0.123,0.178,0.17,0.129,0.126,0.106,0.14,0.107,0.144,0.165,0.123,0.13,0.135,0.119,0.139,0.135,0.149,0.118,0.121,0.092,0.108,0.111,0.131,0.122,0.133,0.1,0.15,0.109,0.121,0.134,0.132,0.124,0.12,0.108,0.13,0.184,0.177,0.125,0.134,
sub-992022,0.107,0.097,0.108,0.142,0.126,0.131,0.116,0.121,0.123,0.138,0.136,0.142,0.128,0.119,0.091,0.106,0.106,0.135,0.12,0.136,0.103,0.138,0.103,0.123,0.123,0.127,0.122,0.114,0.112,0.122,0.153,0.141,0.096,0.134,0.091,0.117,0.116,0.143,0.107,0.126,0.123,0.123,0.12,0.141,0.135,0.145,0.122,0.119,0.09,0.109,0.123,0.143,0.123,0.121,0.097,0.124,0.103,0.122,0.131,0.131,0.117,0.108,0.109,0.128,0.163,0.134,0.133,0.126,
sub-992024,0.101,0.113,0.115,0.151,0.143,0.134,0.124,0.12,0.126,0.133,0.147,0.136,0.12,0.115,0.078,0.118,0.118,0.157,0.114,0.116,0.113,0.124,0.099,0.128,0.116,0.128,0.116,0.116,0.101,0.113,0.179,0.136,0.169,0.139,0.095,0.115,0.116,0.14,0.105,0.135,0.119,0.123,0.126,0.134,0.126,0.137,0.123,0.126,0.079,0.098,0.11,0.128,0.126,0.13,0.104,0.123,0.102,0.127,0.127,0.133,0.117,0.115,0.099,0.12,0.161,0.132,0.127,0.126,
sub-992025,0.084,0.118,0.106,0.133,0.097,0.126,0.117,0.12,0.113,0.133,0.125,0.131,0.121,0.117,0.089,0.121,0.112,0.12,0.117,0.13,0.114,0.116,0.103,0.12,0.123,0.137,0.115,0.124,0.111,0.116,0.168,0.131,0.112,0.116,0.093,0.109,0.103,0.139,0.123,0.123,0.123,0.126,0.118,0.133,0.118,0.132,0.118,0.115,0.094,0.119,0.099,0.144,0.112,0.133,0.106,0.123,0.103,0.125,0.113,0.126,0.118,0.115,0.097,0.125,0.169,0.122,0.117,0.128,
sub-992026,0.109,0.07,0.116,0.146,0.128,0.136,0.128,0.123,0.12,0.131,0.131,0.138,0.128,0.121,0.085,0.112,0.121,0.141,0.127,0.144,0.106,0.129,0.108,0.127,0.118,0.144,0.124,0.121,0.11,0.121,0.168,0.14,0.11,0.133,0.102,0.123,0.113,0.132,0.129,0.133,0.123,0.118,0.13,0.135,0.133,0.145,0.128,0.122,0.091,0.104,0.119,0.134,0.121,0.13,0.107,0.13,0.11,0.125,0.141,0.136,0.124,0.12,0.111,0.131,0.16,0.142,0.134,0.127,
sub-992027,0.098,0.138,0.11,0.136,0.124,0.137,0.133,0.129,0.126,0.137,0.133,0.146,0.131,0.125,0.085,0.11,0.13,0.146,0.132,0.148,0.119,0.136,0.116,0.12,0.112,0.141,0.123,0.123,0.112,0.118,0.158,0.142,0.1,0.131,0.091,0.12,0.1,0.143,0.136,0.128,0.133,0.121,0.122,0.134,0.144,0.148,0.124,0.122,0.083,0.109,0.12,0.135,0.12,0.138,0.11,0.133,0.109,0.126,0.126,0.138,0.125,0.118,0.117,0.118,0.164,0.149,0.13,0.132,
sub-992028,0.094,0.101,0.107,0.147,0.135,0.124,0.121,0.128,0.119,0.144,0.127,0.133,0.121,0.125,0.084,0.113,0.115,0.133,0.118,0.119,0.114,0.12,0.101,0.113,0.12,0.131,0.113,0.118,0.11,0.118,0.15,0.14,0.129,0.116,0.111,0.121,0.109,0.14,0.118,0.126,0.114,0.13,0.118,0.138,0.137,0.142,0.119,0.108,0.083,0.103,0.11,0.137,0.105,0.135,0.105,0.118,0.096,0.12,0.12,0.127,0.116,0.116,0.11,0.125,0.165,0.128,0.142,0.11,
sub-992029,0.109,0.072,0.111,0.138,0.129,0.133,0.13,0.12,0.124,0.142,0.138,0.15,0.124,0.116,0.083,0.104,0.118,0.132,0.137,0.131,0.106,0.13,0.102,0.125,0.111,0.136,0.12,0.112,0.108,0.114,0.166,0.141,0.104,0.134,0.105,0.12,0.113,0.145,0.104,0.126,0.133,0.143,0.123,0.137,0.145,0.144,0.127,0.118,0.075,0.106,0.123,0.139,0.12,0.131,0.104,0.135,0.102,0.122,0.125,0.134,0.122,0.128,0.114,0.122,0.145,0.176,0.162,0.135,
sub-99203,0.094,0.098,0.119,0.139,0.143,0.135,0.112,0.14,0.12,0.132,0.137,0.137,0.126,0.119,0.104,0.106,0.113,0.149,0.117,0.155,0.104,0.119,0.106,0.119,0.137,0.13,0.123,0.11,0.113,0.131,0.15,0.179,0.106,0.139,0.112,0.129,0.102,0.136,0.132,0.129,0.116,0.136,0.123,0.135,0.131,0.149,0.126,0.123,0.111,0.105,0.121,0.143,0.133,0.143,0.109,0.124,0.106,0.117,0.159,0.133,0.119,0.108,0.113,0.116,0.174,0.181,0.135,0.138,
sub-992030,0.093,0.109,0.117,0.129,0.104,0.13,0.123,0.12,0.121,0.125,0.128,0.13,0.117,0.127,0.09,0.105,0.109,0.144,0.119,0.128,0.119,0.128,0.104,0.121,0.133,0.124,0.115,0.111,0.102,0.12,0.132,0.139,0.091,0.128,0.099,0.115,0.103,0.124,0.13,0.13,0.118,0.112,0.126,0.127,0.128,0.137,0.12,0.106,0.08,0.105,0.096,0.109,0.11,0.144,0.11,0.119,0.104,0.12,0.12,0.127,0.117,0.109,0.095,0.113,0.162,0.142,0.105,0.124,
sub-992033,0.09,0.121,0.104,0.134,0.116,0.127,0.119,0.123,0.118,0.133,0.133,0.137,0.104,0.11,0.084,0.108,0.111,0.137,0.117,0.137,0.097,0.12,0.104,0.119,0.121,0.127,0.116,0.115,0.108,0.122,0.147,0.162,0.107,0.125,0.099,0.125,0.111,0.132,0.111,0.123,0.117,0.117,0.11,0.136,0.124,0.141,0.122,0.114,0.083,0.106,0.112,0.14,0.128,0.126,0.102,0.128,0.102,0.119,0.127,0.13,0.113,0.115,0.11,0.11,0.169,0.112,0.102,0.116,
sub-992034,0.106,0.084,0.114,0.121,0.117,0.136,0.119,0.129,0.12,0.125,0.127,0.131,0.128,0.122,0.095,0.11,0.117,0.124,0.12,0.131,0.106,0.127,0.104,0.119,0.119,0.136,0.116,0.117,0.11,0.111,0.149,0.136,0.105,0.127,0.093,0.076,0.114,0.124,0.117,0.128,0.12,0.131,0.129,0.123,0.131,0.138,0.12,0.117,0.08,0.099,0.121,0.139,0.121,0.139,0.106,0.122,0.105,0.122,0.093,0.14,0.119,0.116,0.11,0.118,0.154,0.155,0.097,0.127,
sub-992037,0.078,0.128,0.116,0.155,0.126,0.127,0.127,0.129,0.123,0.131,0.131,0.143,0.133,0.125,0.09,0.12,0.111,0.139,0.119,0.125,0.109,0.137,0.109,0.133,0.138,0.139,0.121,0.123,0.1,0.122,0.156,0.129,0.134,0.126,0.101,0.126,0.112,0.153,0.118,0.119,0.119,0.125,0.121,0.132,0.136,0.13,0.128,0.122,0.091,0.12,0.115,0.152,0.136,0.13,0.101,0.144,0.102,0.129,0.125,0.131,0.121,0.121,0.106,0.122,0.155,0.136,0.132,0.119,
sub-992038,0.102,0.131,0.108,0.139,0.14,0.123,0.107,0.122,0.115,0.126,0.125,0.136,0.123,0.117,0.089,0.1,0.115,0.129,0.12,0.129,0.104,0.128,0.103,0.116,0.135,0.132,0.124,0.113,0.108,0.111,0.171,0.151,0.124,0.128,0.091,0.116,0.104,0.145,0.118,0.116,0.112,0.112,0.115,0.136,0.13,0.135,0.12,0.112,0.077,0.102,0.111,0.128,0.121,0.132,0.108,0.129,0.108,0.121,0.118,0.121,0.117,0.114,0.106,0.106,0.164,0.142,0.13,0.126,
sub-992039,0.097,0.106,0.112,0.126,0.105,0.133,0.114,0.118,0.12,0.126,0.13,0.133,0.126,0.118,0.097,0.089,0.114,0.142,0.13,0.134,0.102,0.115,0.097,0.114,0.128,0.13,0.111,0.117,0.102,0.116,0.15,0.117,0.138,0.132,0.091,0.121,0.1,0.12,0.11,0.125,0.129,0.127,0.119,0.126,0.129,0.139,0.125,0.121,0.081,0.089,0.104,0.121,0.113,0.133,0.097,0.113,0.099,0.117,0.125,0.123,0.113,0.11,0.109,0.122,0.171,0.149,0.115,0.115,
sub-99204,0.08,0.091,0.11,0.121,0.119,0.129,0.115,0.129,0.111,0.125,0.133,0.127,0.121,0.113,0.093,0.093,0.1,0.142,0.105,0.119,0.099,0.115,0.097,0.114,0.124,0.126,0.112,0.109,0.106,0.117,0.139,0.152,0.109,0.126,0.096,0.135,0.119,0.136,0.11,0.12,0.123,0.118,0.124,0.13,0.14,0.135,0.123,0.109,0.084,0.093,0.104,0.142,0.12,0.129,0.095,0.118,0.098,0.114,0.165,0.125,0.117,0.116,0.096,0.128,0.143,0.143,0.11,0.128,
sub-992040,0.088,0.128,0.111,0.124,0.126,0.13,0.113,0.119,0.119,0.131,0.139,0.138,0.128,0.113,0.099,0.111,0.113,0.158,0.124,0.144,0.098,0.126,0.103,0.13,0.139,0.131,0.121,0.114,0.116,0.123,0.17,0.157,0.165,0.131,0.107,0.122,0.116,0.139,0.16,0.128,0.123,0.122,0.124,0.134,0.15,0.143,0.128,0.124,0.091,0.108,0.111,0.143,0.11,0.125,0.1,0.126,0.107,0.129,0.139,0.134,0.117,0.119,0.11,0.11,0.159,0.171,0.122,0.129,
sub-992041,0.116,0.13,0.111,0.148,0.136,0.133,0.127,0.116,0.123,0.144,0.137,0.14,0.124,0.117,0.09,0.108,0.117,0.143,0.126,0.142,0.117,0.157,0.106,0.122,0.128,0.139,0.117,0.122,0.102,0.132,0.189,0.141,0.142,0.141,0.092,0.128,0.113,0.138,0.133,0.128,0.124,0.141,0.119,0.138,0.133,0.142,0.126,0.118,0.089,0.108,0.113,0.147,0.141,0.142,0.107,0.147,0.115,0.116,0.148,0.14,0.118,0.116,0.098,0.127,0.178,0.151,0.119,0.139,
sub-992042,0.1,0.113,0.111,0.132,0.115,0.117,0.112,0.12,0.111,0.131,0.122,0.14,0.121,0.116,0.08,0.104,0.107,0.141,0.108,0.129,0.102,0.122,0.104,0.116,0.104,0.136,0.115,0.112,0.106,0.131,0.135,0.135,0.129,0.123,0.091,0.124,0.086,0.132,0.109,0.113,0.122,0.117,0.118,0.124,0.125,0.138,0.117,0.108,0.075,0.093,0.1,0.121,0.11,0.131,0.108,0.12,0.108,0.117,0.142,0.127,0.117,0.107,0.113,0.138,0.134,0.134,0.138,0.122,
sub-992043,0.096,0.114,0.11,0.141,0.113,0.128,0.125,0.126,0.113,0.14,0.142,0.142,0.13,0.123,0.092,0.112,0.097,0.154,0.117,0.139,0.109,0.122,0.104,0.121,0.129,0.136,0.118,0.118,0.114,0.122,0.168,0.138,0.111,0.127,0.093,0.104,0.108,0.129,0.128,0.125,0.114,0.128,0.11,0.137,0.132,0.137,0.125,0.119,0.084,0.107,0.115,0.148,0.118,0.117,0.104,0.119,0.106,0.127,0.106,0.136,0.115,0.114,0.103,0.125,0.154,0.144,0.123,0.128,
sub-992044,0.105,0.101,0.106,0.132,0.109,0.128,0.129,0.135,0.125,0.128,0.141,0.135,0.125,0.121,0.083,0.101,0.11,0.143,0.123,0.145,0.095,0.126,0.102,0.125,0.131,0.136,0.119,0.117,0.124,0.119,0.15,0.115,0.104,0.13,0.097,0.096,0.11,0.129,0.12,0.135,0.124,0.136,0.133,0.137,0.147,0.133,0.124,0.126,0.092,0.111,0.107,0.141,0.107,0.145,0.093,0.134,0.107,0.125,0.126,0.135,0.12,0.112,0.107,0.114,0.174,0.146,0.129,0.12,
sub-992045,0.087,0.122,0.114,0.133,0.106,0.118,0.118,0.13,0.119,0.124,0.133,0.136,0.132,0.113,0.072,0.115,0.109,0.128,0.116,0.135,0.113,0.127,0.105,0.129,0.127,0.136,0.121,0.122,0.094,0.113,0.156,0.132,0.094,0.113,0.083,0.131,0.113,0.144,0.105,0.117,0.126,0.133,0.126,0.136,0.135,0.134,0.126,0.112,0.075,0.11,0.109,0.134,0.107,0.125,0.119,0.138,0.108,0.124,0.121,0.133,0.122,0.124,0.11,0.132,0.163,0.14,0.129,0.114,
sub-99205,0.128,0.122,0.109,0.146,0.111,0.139,0.125,0.14,0.128,0.144,0.135,0.148,0.133,0.124,0.096,0.112,0.125,0.125,0.121,0.139,0.104,0.139,0.101,0.134,0.116,0.138,0.123,0.12,0.108,0.113,0.165,0.17,0.113,0.131,0.107,0.123,0.11,0.137,0.152,0.13,0.123,0.128,0.132,0.137,0.135,0.145,0.119,0.128,0.091,0.099,0.114,0.138,0.124,0.132,0.112,0.123,0.104,0.128,0.13,0.141,0.12,0.119,0.105,0.118,0.185,0.146,0.128,0.135,
sub-99206,0.09,0.102,0.103,0.141,0.136,0.119,0.12,0.125,0.122,0.133,0.122,0.135,0.124,0.123,0.078,0.108,0.112,0.124,0.118,0.13,0.101,0.118,0.11,0.113,0.125,0.126,0.116,0.115,0.108,0.116,0.138,0.147,0.1,0.124,0.107,0.111,0.097,0.147,0.107,0.121,0.118,0.12,0.116,0.132,0.129,0.136,0.119,0.111,0.076,0.115,0.11,0.149,0.112,0.135,0.103,0.122,0.109,0.121,0.135,0.133,0.111,0.12,0.105,0.124,0.17,0.129,0.137,0.122,
sub-99207,0.089,0.111,0.106,0.132,0.111,0.129,0.125,0.125,0.115,0.13,0.124,0.141,0.12,0.126,0.085,0.099,0.107,0.127,0.12,0.136,0.107,0.129,0.106,0.112,0.13,0.126,0.115,0.118,0.102,0.126,0.146,0.144,0.136,0.127,0.104,0.12,0.104,0.13,0.109,0.126,0.12,0.118,0.118,0.131,0.126,0.137,0.122,0.112,0.091,0.1,0.11,0.15,0.118,0.124,0.109,0.125,0.105,0.125,0.132,0.124,0.107,0.114,0.109,0.134,0.162,0.138,0.119,0.114,
sub-99208,0.102,0.13,0.109,0.139,0.131,0.129,0.117,0.128,0.115,0.136,0.127,0.142,0.122,0.118,0.083,0.118,0.108,0.151,0.134,0.128,0.099,0.121,0.099,0.122,0.127,0.128,0.118,0.12,0.112,0.123,0.135,0.122,0.106,0.123,0.105,0.105,0.105,0.13,0.113,0.126,0.122,0.125,0.115,0.138,0.129,0.145,0.121,0.128,0.083,0.107,0.102,0.143,0.121,0.131,0.093,0.13,0.102,0.12,0.121,0.141,0.119,0.119,0.104,0.127,0.166,0.153,0.15,0.131,
sub-99209,0.095,0.085,0.104,0.147,0.103,0.132,0.124,0.127,0.129,0.125,0.134,0.133,0.12,0.121,0.071,0.107,0.106,0.125,0.129,0.13,0.114,0.115,0.099,0.129,0.103,0.126,0.108,0.12,0.107,0.117,0.14,0.127,0.102,0.122,0.059,0.111,0.106,0.134,0.1,0.125,0.121,0.122,0.111,0.13,0.125,0.126,0.123,0.118,0.084,0.106,0.106,0.144,0.123,0.117,0.105,0.121,0.099,0.115,0.128,0.124,0.114,0.119,0.109,0.13,0.149,0.129,0.108,0.119,
sub-99211,0.093,0.1,0.099,0.126,0.124,0.125,0.118,0.121,0.12,0.138,0.127,0.139,0.131,0.116,0.084,0.096,0.111,0.136,0.116,0.137,0.1,0.118,0.102,0.113,0.134,0.124,0.108,0.12,0.103,0.116,0.144,0.124,0.112,0.116,0.103,0.123,0.104,0.133,0.13,0.121,0.123,0.112,0.118,0.131,0.133,0.14,0.119,0.115,0.087,0.095,0.105,0.136,0.12,0.125,0.098,0.118,0.098,0.116,0.144,0.126,0.109,0.107,0.109,0.123,0.154,0.112,0.117,0.118,
sub-99212,0.096,0.126,0.117,0.129,0.128,0.117,0.117,0.123,0.13,0.128,0.135,0.121,0.123,0.132,0.083,0.119,0.116,0.122,0.122,0.149,0.105,0.135,0.105,0.118,0.158,0.137,0.123,0.115,0.112,0.125,0.169,0.151,0.115,0.124,0.114,0.112,0.107,0.132,0.124,0.116,0.116,0.133,0.128,0.133,0.137,0.122,0.13,0.128,0.108,0.107,0.112,0.138,0.123,0.128,0.109,0.134,0.104,0.115,0.131,0.13,0.121,0.116,0.114,0.112,0.189,0.157,0.107,0.127,
sub-99213,0.086,0.126,0.105,0.138,0.123,0.113,0.119,0.116,0.123,0.13,0.121,0.141,0.12,0.117,0.082,0.123,0.108,0.141,0.116,0.15,0.109,0.134,0.103,0.125,0.129,0.13,0.119,0.113,0.1,0.121,0.148,0.143,0.119,0.121,0.076,0.128,0.096,0.137,0.114,0.128,0.113,0.121,0.13,0.127,0.134,0.135,0.128,0.122,0.092,0.116,0.11,0.129,0.112,0.149,0.103,0.131,0.1,0.117,0.143,0.133,0.114,0.114,0.09,0.118,0.161,0.134,0.119,0.114,
sub-99214,0.093,0.113,0.094,0.135,0.114,0.135,0.116,0.12,0.11,0.135,0.119,0.139,0.116,0.114,0.095,0.095,0.096,0.129,0.105,0.144,0.098,0.123,0.093,0.108,0.135,0.132,0.112,0.117,0.107,0.117,0.147,0.141,0.116,0.118,0.089,0.119,0.099,0.136,0.096,0.12,0.113,0.112,0.106,0.132,0.135,0.138,0.122,0.113,0.084,0.103,0.109,0.149,0.118,0.131,0.094,0.124,0.102,0.119,0.112,0.138,0.114,0.111,0.108,0.108,0.15,0.134,0.122,0.122,
sub-99216,0.102,0.139,0.121,0.147,0.127,0.148,0.127,0.137,0.11,0.14,0.132,0.147,0.136,0.127,0.092,0.122,0.127,0.148,0.145,0.142,0.115,0.138,0.112,0.129,0.125,0.143,0.118,0.119,0.105,0.125,0.191,0.17,0.132,0.127,0.093,0.115,0.11,0.148,0.118,0.126,0.131,0.134,0.119,0.145,0.143,0.157,0.13,0.13,0.104,0.109,0.118,0.173,0.132,0.133,0.118,0.13,0.108,0.128,0.145,0.138,0.122,0.123,0.103,0.124,0.15,0.138,0.102,0.128,
sub-99217,0.094,0.119,0.11,0.142,0.137,0.139,0.118,0.135,0.119,0.135,0.13,0.143,0.133,0.125,0.099,0.121,0.122,0.148,0.127,0.141,0.114,0.134,0.107,0.125,0.125,0.132,0.12,0.121,0.11,0.129,0.205,0.132,0.101,0.126,0.108,0.117,0.105,0.155,0.143,0.126,0.124,0.12,0.124,0.138,0.137,0.144,0.126,0.122,0.119,0.098,0.116,0.118,0.125,0.128,0.116,0.135,0.105,0.123,0.13,0.136,0.121,0.117,0.115,0.13,0.179,0.175,0.104,0.132,
sub-99218,0.106,0.118,0.1,0.141,0.137,0.131,0.117,0.129,0.116,0.134,0.131,0.135,0.13,0.127,0.105,0.119,0.117,0.132,0.105,0.133,0.106,0.138,0.108,0.123,0.132,0.128,0.117,0.124,0.115,0.127,0.175,0.145,0.118,0.119,0.107,0.119,0.11,0.139,0.13,0.117,0.125,0.123,0.113,0.132,0.126,0.144,0.122,0.126,0.085,0.1,0.108,0.128,0.115,0.131,0.113,0.12,0.112,0.118,0.132,0.135,0.119,0.12,0.121,0.124,0.171,0.149,0.122,0.129,
sub-99219,0.073,0.122,0.108,0.119,0.102,0.122,0.112,0.126,0.114,0.127,0.127,0.143,0.113,0.115,0.08,0.113,0.115,0.141,0.128,0.138,0.105,0.116,0.102,0.115,0.132,0.129,0.116,0.118,0.099,0.127,0.184,0.138,0.134,0.112,0.072,0.124,0.113,0.14,0.121,0.118,0.117,0.126,0.113,0.13,0.125,0.144,0.119,0.125,0.082,0.096,0.099,0.128,0.121,0.139,0.102,0.12,0.107,0.116,0.127,0.135,0.116,0.118,0.115,0.126,0.168,0.129,0.091,0.113,
sub-99220,0.106,0.128,0.11,0.136,0.104,0.124,0.122,0.135,0.124,0.13,0.128,0.131,0.132,0.121,0.095,0.122,0.102,0.128,0.111,0.134,0.105,0.126,0.105,0.119,0.128,0.14,0.124,0.116,0.115,0.117,0.161,0.131,0.107,0.117,0.107,0.127,0.106,0.135,0.119,0.12,0.123,0.122,0.123,0.136,0.133,0.141,0.121,0.121,0.084,0.104,0.111,0.143,0.113,0.125,0.095,0.139,0.107,0.118,0.133,0.128,0.122,0.119,0.108,0.115,0.169,0.138,0.106,0.119,
sub-99221,0.079,0.108,0.107,0.146,0.115,0.122,0.121,0.127,0.111,0.132,0.125,0.132,0.131,0.112,0.08,0.102,0.106,0.138,0.11,0.137,0.113,0.12,0.1,0.116,0.12,0.136,0.115,0.114,0.101,0.118,0.148,0.134,0.128,0.128,0.099,0.136,0.107,0.129,0.099,0.127,0.119,0.134,0.123,0.137,0.134,0.146,0.119,0.136,0.077,0.108,0.11,0.138,0.126,0.144,0.101,0.135,0.105,0.119,0.114,0.131,0.123,0.119,0.116,0.118,0.156,0.138,0.114,0.124,
