SubjID,7Networks_LH_Vis_1,7Networks_LH_Vis_2,7Networks_LH_Vis_3,7Networks_LH_Vis_4,7Networks_LH_Vis_5,7Networks_LH_Vis_6,7Networks_LH_Vis_7,7Networks_LH_Vis_8,7Networks_LH_Vis_9,7Networks_LH_SomMot_1,7Networks_LH_SomMot_2,7Networks_LH_SomMot_3,7Networks_LH_SomMot_4,7Networks_LH_SomMot_5,7Networks_LH_SomMot_6,7Networks_LH_DorsAttn_Post_1,7Networks_LH_DorsAttn_Post_2,7Networks_LH_DorsAttn_Post_3,7Networks_LH_DorsAttn_Post_4,7Networks_LH_DorsAttn_Post_5,7Networks_LH_DorsAttn_Post_6,7Networks_LH_DorsAttn_PrCv_1,7Networks_LH_DorsAttn_FEF_1,7Networks_LH_SalVentAttn_ParOper_1,7Networks_LH_SalVentAttn_FrOperIns_1,7Networks_LH_SalVentAttn_FrOperIns_2,7Networks_LH_SalVentAttn_PFCl_1,7Networks_LH_SalVentAttn_Med_1,7Networks_LH_SalVentAttn_Med_2,7Networks_LH_SalVentAttn_Med_3,7Networks_LH_Limbic_OFC_1,7Networks_LH_Limbic_TempPole_1,7Networks_LH_Limbic_TempPole_2,7Networks_LH_Cont_Par_1,7Networks_LH_Cont_PFCl_1,7Networks_LH_Cont_pCun_1,7Networks_LH_Cont_Cing_1,7Networks_LH_Default_Temp_1,7Networks_LH_Default_Temp_2,7Networks_LH_Default_Par_1,7Networks_LH_Default_Par_2,7Networks_LH_Default_PFC_1,7Networks_LH_Default_PFC_2,7Networks_LH_Default_PFC_3,7Networks_LH_Default_PFC_4,7Networks_LH_Default_PFC_5,7Networks_LH_Default_PFC_6,7Networks_LH_Default_PFC_7,7Networks_LH_Default_pCunPCC_1,7Networks_LH_Default_pCunPCC_2,7Networks_RH_Vis_1,7Networks_RH_Vis_2,7Networks_RH_Vis_3,7Networks_RH_Vis_4,7Networks_RH_Vis_5,7Networks_RH_Vis_6,7Networks_RH_Vis_7,7Networks_RH_Vis_8,7Networks_RH_SomMot_1,7Networks_RH_SomMot_2,7Networks_RH_SomMot_3,7Networks_RH_SomMot_4,7Networks_RH_SomMot_5,7Networks_RH_SomMot_6,7Networks_RH_SomMot_7,7Networks_RH_SomMot_8,7Networks_RH_DorsAttn_Post_1,7Networks_RH_DorsAttn_Post_2,7Networks_RH_DorsAttn_Post_3,7Networks_RH_DorsAttn_Post_4,7Networks_RH_DorsAttn_Post_5,7Networks_RH_DorsAttn_PrCv_1,7Networks_RH_DorsAttn_FEF_1,7Networks_RH_SalVentAttn_TempOccPar_1,7Networks_RH_SalVentAttn_TempOccPar_2,7Networks_RH_SalVentAttn_FrOperIns_1,7Networks_RH_SalVentAttn_Med_1,7Networks_RH_SalVentAttn_Med_2,7Networks_RH_Limbic_OFC_1,7Networks_RH_Limbic_TempPole_1,7Networks_RH_Cont_Par_1,7Networks_RH_Cont_Par_2,7Networks_RH_Cont_PFCl_1,7Networks_RH_Cont_PFCl_2,7Networks_RH_Cont_PFCl_3,7Networks_RH_Cont_PFCl_4,7Networks_RH_Cont_Cing_1,7Networks_RH_Cont_PFCmp_1,7Networks_RH_Cont_pCun_1,7Networks_RH_Default_Par_1,7Networks_RH_Default_Temp_1,7Networks_RH_Default_Temp_2,7Networks_RH_Default_Temp_3,7Networks_RH_Default_PFCv_1,7Networks_RH_Default_PFCv_2,7Networks_RH_Default_PFCdPFCm_1,7Networks_RH_Default_PFCdPFCm_2,7Networks_RH_Default_PFCdPFCm_3,7Networks_RH_Default_pCunPCC_1,7Networks_RH_Default_pCunPCC_2
sub-007,1174,1746,1697,1777,1772,2298,1272,1987,1647,1875,849,1317,1634,2381,3172,3015,922,2128,884,706,1215,1355,1658,1127,1182,1102,1342,1634,929,1118,2761,3320,2324,1499,1726,761,845,2047,1463,1225,2771,812,1697,2146,2021,2842,815,1229,731,1525,1658,2131,2665,3173,2539,2035,1511,1727,2000,824,759,1259,692,1630,1057,2710,1791,1235,1338,1777,1228,1786,1677,1168,1145,2054,1183,1566,2592,4051,1020,1114,2510,1281,1446,1270,948,1523,1214,1108,2373,1340,1875,1115,945,2186,2589,1462,675,1246,
sub-008,1419,2143,2167,2337,2070,2362,1950,3074,2281,2721,937,1580,1810,2855,3958,4106,1435,3506,1273,1195,1782,1746,1934,1542,1717,1299,2428,2263,1234,1297,3639,3880,2838,2720,3256,771,1000,3253,1960,1914,4654,1169,2593,2793,2977,4214,1187,1788,839,2335,2325,3073,3805,3675,2760,2399,2220,2457,2743,1009,1279,1699,718,2065,1670,3352,3103,1992,2280,2593,1666,2509,1964,1977,1481,2427,1172,1753,3738,4652,1334,2033,3759,2176,2568,1859,865,2015,1869,2231,3188,2159,2400,1595,1268,3068,3082,2182,789,1724,
sub-009,1045,1495,1401,1633,1431,2180,1096,2078,1420,2099,847,1441,1578,1968,3023,2444,1393,2365,917,751,942,1490,1609,1259,1271,1222,1627,1909,993,1282,2919,3355,2158,2126,2373,561,689,2360,1686,1485,3476,898,2271,2585,2294,2988,615,1002,713,1702,1605,2088,2588,2757,2332,2139,1560,1519,2062,773,888,1225,580,1291,1054,2681,2402,1021,1682,1941,1240,1777,1739,1201,1035,1947,1060,1758,2680,3732,1392,1448,2474,1114,1854,1483,698,1566,1352,1127,2606,1284,1782,1044,954,2403,2559,1598,797,1061,
sub-010,1038,1559,1535,1690,1350,2058,1569,2170,1442,2046,863,1138,1369,2177,2840,2695,824,2341,766,741,1101,1900,1783,995,1096,1193,1693,1634,937,929,2655,2892,2141,1660,2369,549,867,2142,1283,1021,2905,819,2020,2043,2020,2780,857,1273,573,2028,1547,2295,2416,3003,1983,1835,1519,1560,1894,726,955,1225,633,1535,912,2297,1698,1192,1067,1892,1340,2370,1477,1052,1148,2084,1023,1413,2771,3620,1101,1349,2234,1793,1816,1460,682,1450,1537,1421,2182,1137,1489,1130,1120,2321,2319,1511,558,1530,
sub-011,1107,1974,1931,1641,1722,2043,1182,2302,1913,2216,936,1299,1601,2371,2870,2679,1104,2658,1018,764,987,1545,2169,1764,1299,1192,1765,1737,1025,1036,2953,2945,2137,2592,2862,967,957,2910,1523,1282,2903,867,2172,2407,1944,2885,1245,1493,755,1773,1683,2454,3194,3122,2451,2040,1981,2514,2296,852,972,1689,671,1683,837,2460,2518,1523,1228,2151,1221,2022,1891,1156,1410,2150,1070,1582,3035,3695,1082,1437,2590,1656,2394,1644,797,1521,1431,1224,2470,1632,1904,1060,1220,2337,2725,1896,751,1341,
sub-012,1096,1752,1336,2189,1450,1619,1492,2587,1840,1970,1109,1424,1871,2971,3419,3042,1311,2515,912,978,1029,1817,2033,1300,1465,1264,2078,1923,1217,906,2156,3271,2576,1815,2471,677,997,2858,1594,1188,3857,945,1974,1949,1981,2837,1483,1259,863,2305,1621,2559,2858,3500,2420,2034,1770,2197,2406,1019,985,1453,681,1813,1107,2678,2056,1494,1930,2283,1355,2212,1942,1453,1650,2191,1125,1548,2075,3516,1331,1471,3316,1793,2315,1570,1079,1249,1653,1446,2407,1524,2303,1161,1310,2044,2809,1730,837,1801,
sub-013,1273,1986,1996,2245,1911,2531,2024,2211,1864,1906,894,1476,1771,2862,2811,3475,1422,2053,1093,963,1162,2192,1650,1198,1178,1315,1737,1691,886,1017,3330,3546,2629,1445,2645,768,763,2585,1145,1340,3758,1109,2491,2481,2770,2955,1013,1198,830,2007,1784,2548,2992,3320,2698,2277,1749,2233,2385,884,884,1618,708,1798,963,2683,2241,1544,1503,2278,1436,2333,1927,1566,1396,2209,1245,1799,3057,4805,1228,1636,3063,1615,1886,1905,845,1727,1602,1930,3380,1599,1591,1316,1225,2197,2316,1919,804,1221,
sub-014,1362,1653,1469,1752,1455,1972,1187,1904,1630,1998,934,1269,1664,2387,3715,2949,895,2498,860,711,1258,1501,1621,1005,1232,1160,1840,2029,1041,1080,2855,3347,2288,1912,2352,703,779,2531,1627,1136,3714,909,2424,2402,2554,3862,835,1391,800,2102,2048,2071,2895,2731,1777,1458,1443,1544,2826,878,955,1570,741,1902,994,2921,1924,1479,1235,2150,1378,2480,1617,1430,1782,1967,1193,1556,2828,3720,1436,1478,2802,1494,2086,1670,777,1729,1661,1219,2818,1404,2210,995,1165,2294,2986,1662,654,1625,
sub-015,1027,1585,1316,1910,1453,2270,1098,1813,1566,1868,769,1268,1742,2397,3047,2581,1136,2157,973,817,1281,1840,1989,1292,1182,1068,1426,2034,955,1056,2500,3138,1709,1520,2509,650,603,2297,1456,1250,3106,726,2168,2584,2360,2750,1289,1153,717,1931,1737,2137,2588,2911,2143,2103,1852,1886,2027,805,888,1608,683,1614,891,2711,2077,1345,963,1908,1217,2283,1498,1101,1150,1985,1179,1616,2718,3549,891,1149,2847,1841,2106,1566,718,1737,1632,1192,2040,1370,1427,1057,1157,2528,2563,1663,767,1490,
sub-016,1336,1635,2006,2354,1567,2479,2029,2876,1860,2717,1188,2021,1990,3034,4052,3965,1224,2632,1128,764,1492,2113,2343,1350,1527,1422,2233,2417,1228,1378,3763,4094,2921,1646,2755,883,1212,2975,1461,1437,3813,968,2265,3029,2612,3842,1377,1685,976,2215,2002,2659,3514,3288,2608,2493,1738,2058,2778,1068,1373,2035,849,2013,1010,3273,2363,2062,1887,2301,1497,2323,2449,1642,2045,2458,1444,2357,3674,4682,1592,1476,2960,2560,2630,1990,906,1936,1654,1273,3095,1714,2204,1329,1462,3102,3436,2309,902,1395,
sub-017,1129,1880,1799,2063,1918,2465,1566,2683,1700,2290,1052,1795,1614,2634,3470,3167,1481,2451,1016,1152,1517,1961,2263,1321,1421,1364,1862,2277,984,1448,3518,4231,2807,1761,2817,702,786,3026,1688,1528,3094,1107,2270,2988,2423,3543,993,1471,864,2259,2065,2716,3291,3625,2534,2248,1959,2301,2448,1054,1381,1658,641,1736,1311,2757,1937,1910,1483,1993,1523,2695,1545,1670,1734,2356,1148,1750,3382,4888,1340,1138,3291,1901,2280,1915,955,1826,1722,1448,2909,1680,2014,1400,1279,2798,3028,2032,946,1621,
sub-019,1041,1367,1430,1672,1813,2315,1097,1956,1821,1863,815,1164,1421,2452,2906,2421,899,2173,992,693,1156,1671,1790,1105,1325,1122,1772,1635,871,935,2852,3488,2257,1554,2622,698,767,2322,1406,1177,2650,905,2422,2149,2271,3016,1024,1268,661,1423,1455,1934,2392,2763,2403,1983,1543,1849,2075,781,804,1129,636,1614,757,2642,1705,914,1210,1907,1323,1811,2211,1346,1083,2222,996,1487,2745,4082,1075,1054,2810,1656,1960,1175,739,1374,1411,1259,2216,1457,1838,1155,1212,2081,2666,1847,674,1278,
sub-02,1207,1962,1483,2342,1414,1966,1964,2245,1378,2057,893,1596,1813,2772,3573,3740,1220,2883,1055,1144,1323,1996,2107,1154,1378,1275,1926,1852,1128,1086,3268,3535,2643,2171,2515,591,730,2771,1763,1425,3795,966,2273,2586,2562,3075,1133,1487,620,1925,1842,2666,3382,3218,2455,2373,1639,2272,2441,877,1011,1318,528,1841,1065,2930,2384,1540,1505,1957,1309,2018,2051,1505,1423,2485,1072,2088,3024,3742,1692,1530,2640,2037,1809,1406,897,1825,1741,1892,2289,1978,2123,1208,1497,2527,3024,1804,902,1658,
sub-020,1035,1581,1443,1673,1497,1837,1481,2158,1473,1835,1019,1347,1484,2522,3457,2980,1025,2385,736,851,1071,1802,2098,1406,1281,1319,1395,1907,1022,1243,2948,3618,2300,1506,2487,589,700,2313,1187,1183,3242,901,2413,2455,2095,2768,908,1083,631,1538,1581,2008,2239,2587,2379,1905,1425,1627,2057,878,869,1389,681,1707,965,2593,1915,1460,1370,1880,1302,1858,1862,1439,1258,1978,1093,1755,3161,4147,1192,1280,2567,1576,2010,1147,837,1638,1572,1216,2565,1307,1797,1142,1095,2194,2609,1786,686,1432,
sub-021,1045,1809,1550,1837,1550,2044,1302,2115,1486,1514,756,1080,1431,2734,2819,3234,1094,2118,807,799,907,1374,1610,1110,1077,1018,1124,1506,844,680,2557,2973,2171,1246,1916,592,756,2047,1373,1235,2869,707,1860,2110,2071,2259,672,942,664,1692,1528,2473,2530,2848,1996,1791,1835,1723,1605,769,782,1224,568,1636,932,2308,2013,1218,1163,2291,1246,1493,1497,1050,1287,1800,1066,1308,2433,3476,864,1324,2258,1373,1365,1155,750,1393,1335,1128,2292,1132,1501,1013,992,2010,1953,1248,548,1256,
sub-022,1128,2020,1944,2164,1885,2006,1798,2421,1777,1945,854,1313,1714,2625,3026,3569,1474,2551,1104,1024,1072,1659,1749,1395,1232,1120,2036,1954,1075,1084,3019,3915,2347,2375,2311,652,994,2226,1626,1493,4345,794,2065,2725,2716,3113,1017,1188,774,2104,1934,2889,3724,3575,2437,1982,2098,2115,2199,912,1015,1725,727,2114,983,2554,2748,2135,1017,2121,1288,2244,1632,1190,1728,1952,1202,1591,3193,3950,1120,1479,3118,1489,2320,1697,981,1773,1605,1353,2574,1563,1876,1100,986,2751,2769,1714,714,1351,
sub-023,1209,1666,1696,1997,1546,1926,1426,2543,1654,1988,917,1290,1795,2842,3420,2863,1000,2678,825,899,1070,1479,1738,877,1475,1227,1829,2083,978,1277,2894,3382,2368,1543,2502,697,768,2618,1483,1227,3040,1007,2417,2523,2113,2775,1048,1289,788,1642,1784,2392,3133,2986,2152,1650,1880,1857,2257,821,947,1428,646,1864,1038,2779,1976,1227,938,1976,1421,1979,1662,1324,1274,2205,1017,1635,3069,3816,1288,1254,2519,1697,1884,1484,759,1619,1376,1165,2562,1526,2097,1440,1180,2598,2078,1463,659,1372,
sub-025,1107,1444,1751,1544,1324,2253,1224,2068,1565,2024,1009,1294,1476,2499,3122,2485,1094,2389,1032,729,1128,1373,2420,1078,1491,1221,1847,1845,889,1220,2790,3857,2527,1642,2177,884,663,2661,1446,1075,2795,932,2114,2525,2145,2740,1048,1203,817,1788,1540,2227,2608,2540,2135,2069,1119,1596,2253,967,921,1432,663,1645,955,2782,1638,1355,1394,2040,1566,2164,1689,1400,1459,2141,995,1595,3004,4339,1098,1112,2630,1425,2011,1891,694,1574,1611,1377,2531,1505,1890,1142,1025,2599,2714,1872,706,1261,
sub-026,1114,1756,1732,1764,1598,2401,1548,2482,1641,2654,1098,1787,2021,2764,3658,3008,1707,2820,952,925,1149,1813,2016,1451,1469,1454,2242,2415,1179,1435,3047,4125,2105,2109,2817,632,967,2596,1521,1547,3663,1042,2568,2555,2492,3756,1245,1682,872,2091,1943,2320,3259,3002,2352,2255,1825,2040,2561,963,1167,1404,771,1767,764,3380,1988,1546,1282,2432,1230,2334,2162,1424,1789,2841,1240,1921,3243,4415,1535,1599,2848,2775,2363,1650,911,1996,1666,1666,2946,1693,2193,1359,1850,2740,2989,2079,818,1428,
sub-027,980,1474,1575,1719,1552,1969,1361,2347,1534,2144,1130,1601,2006,2917,3336,3301,1038,2149,919,722,1106,1691,2037,986,1489,1265,1554,2055,1048,1031,3142,3522,2513,1351,2333,781,873,2610,1437,1165,2747,879,2206,2622,2348,3145,1199,1358,757,1508,1757,2262,2759,2900,2399,1993,1704,1832,2232,1001,1065,1385,689,2010,1009,3105,1966,1446,946,2010,1353,1996,1831,1226,1312,2174,1331,1700,3134,3907,810,1315,3092,1903,1802,1491,968,1602,1352,1461,2194,1582,1938,1160,1172,2488,2544,1381,756,1189,
sub-028,1164,2122,2055,2551,2178,3136,1700,2392,2433,2412,1006,1785,1764,2594,3109,3441,1229,2178,815,729,1003,2270,1975,1590,1341,1349,1597,1901,996,1053,3459,3359,2444,1786,2783,837,849,2785,1869,1613,3618,922,2442,2664,2825,3462,1080,1354,934,1755,1828,3170,3691,4427,3096,2473,1729,2412,2320,956,1146,1240,574,1697,1004,2981,2107,1295,1490,1886,1181,2453,1754,1841,1516,2325,1191,1570,3345,4017,1655,1306,3193,2044,2375,1879,829,1508,1324,1616,2676,1584,2303,1301,1292,2716,2991,1966,783,1440,
sub-029,1174,2243,1716,2104,1788,2264,1546,2340,1860,2189,909,1403,1436,2586,3165,3021,1007,2455,830,828,989,1308,1920,1477,1308,1346,2239,2061,997,1002,3099,2836,2091,2028,2577,693,752,2411,1636,1359,3491,965,2605,2571,2611,3674,778,1250,767,1975,1775,2718,3304,3410,2323,2098,1901,1942,2346,948,1007,1373,608,1874,1043,2869,2379,1365,1083,1968,1260,1839,2276,1383,1611,2312,1107,1735,3158,3596,1050,1425,2874,1921,2299,1459,842,1777,1588,1424,2429,1249,1917,1282,1295,2642,2839,1963,767,1493,
sub-032,1159,1881,1651,2207,1978,2768,1718,2235,2256,2760,912,1516,1822,2753,3355,3346,1059,2016,790,635,917,1748,2174,1592,1238,1195,1716,1923,930,1145,3029,3126,2488,1593,2260,575,790,2713,1867,1541,3960,923,2061,2238,1956,3013,1323,1510,890,1685,1956,2524,2753,3425,2980,2308,1821,2187,2204,881,1051,1383,635,1683,993,2822,2133,1363,1259,1963,1093,2081,1968,1429,1584,2245,1076,1849,2888,3930,1117,1314,2495,1374,1642,1360,841,1673,1280,1363,2639,1536,2212,1208,1178,2387,2500,1724,777,1351,
sub-033,1033,1586,1621,1503,1595,1949,1796,2292,1439,1672,883,1296,1667,2426,3324,3286,914,2759,793,1122,942,1531,2029,871,1263,911,1436,1837,972,1232,2799,3329,2687,1942,2344,761,841,2749,1388,1352,3945,815,2177,2517,1854,2834,940,1187,644,2117,1737,2427,2908,2824,2217,2036,1800,1932,1951,847,1106,1521,561,1583,896,2674,2498,1547,1399,2164,1596,2241,1787,1411,1204,1971,1139,1694,2610,4214,1356,1552,2391,1538,1451,1438,834,1684,1622,1205,3127,1335,2109,1054,973,2269,2800,1532,673,1372,
sub-035,1032,1523,1518,1722,1523,1992,1030,1826,1511,2099,857,1301,1561,2454,3068,2423,1090,2233,903,848,1167,1569,1842,1368,1284,1048,1126,1594,918,962,2483,2799,1819,1358,1787,830,705,2188,1404,1090,2451,766,1782,2092,1942,2747,1017,1213,627,1626,1541,2282,2227,2831,1769,1692,1445,1664,1992,759,770,1374,636,1679,1135,2670,1413,1366,1183,1819,1250,1935,1803,1040,1185,1819,996,1642,2399,3264,867,1072,2189,1231,1471,1227,693,1429,1360,1070,2254,1316,1759,931,937,2077,2482,1569,623,1033,
sub-036,1054,1484,1608,1762,1812,2268,1414,2343,1664,2060,950,1491,1491,2225,3694,2811,1285,2679,1063,996,1355,1538,1964,2060,1140,1319,1753,2037,1130,1105,3063,3013,2447,2001,3271,770,866,2689,1570,1223,3055,963,2439,2418,2083,3093,958,1321,840,2179,1624,2025,2715,3025,2331,2088,1798,1805,2099,931,1163,1455,678,1753,1142,2788,1753,1854,1676,2280,1565,2242,1893,1377,1581,2194,1274,1738,3173,4258,1330,1200,2755,2216,2099,1606,867,1823,1722,1067,3115,1417,2107,1266,1239,2664,2540,1597,756,1632,
sub-038,919,1464,1342,1609,1860,2245,1123,1961,1446,1842,870,1425,1589,2642,2997,2842,1203,2181,998,946,1156,2055,1629,1255,1114,1144,1143,1948,1028,956,3160,3552,2590,1850,2390,840,787,2144,1239,1327,3440,878,2134,2541,2215,2227,804,822,792,1954,1563,2091,2509,2972,2489,2204,1459,1671,2049,898,1008,1458,695,1659,1175,2322,1688,1422,1106,2083,1319,2732,1410,1261,1335,2048,1061,1379,3188,4051,951,1134,2509,2095,1619,1338,743,1550,1715,1319,2372,1269,1834,1089,1009,2291,2121,1189,785,1713,
sub-039,1209,1911,1584,2311,1974,2239,1566,2143,1600,1624,798,1313,1589,2045,2560,3565,994,2109,694,744,944,1595,1384,964,1187,1096,1756,1585,796,938,3009,3877,2778,1354,2461,588,717,2427,1253,1123,3227,888,1970,2474,2399,2995,742,1013,786,1694,1855,2112,2719,3144,2440,2159,1567,1735,2143,771,857,1343,630,1378,869,2474,2140,1245,1531,1874,1180,1879,1573,1555,1329,2079,974,1492,2969,4521,1534,1361,2867,1424,1726,1302,682,1591,1275,1503,2804,1240,1955,1149,1251,2464,2610,1467,715,1134,
sub-04,978,1664,1595,1615,1250,1667,1132,2016,1312,1660,845,1234,1401,2260,2615,2297,834,2204,724,816,1003,1780,1756,987,1069,1060,1112,1775,919,802,2498,2782,1787,1448,1770,574,759,2230,1178,1068,2605,695,1902,2111,2015,2384,766,977,642,1559,1286,2519,2247,2718,2117,2148,1547,1720,1872,742,845,1101,531,1387,895,2381,1537,1167,885,1687,1121,2112,1330,1253,914,1764,982,1349,2439,3350,1006,973,2339,1574,1312,1263,770,1416,1227,1162,2090,1343,1594,1042,980,2130,1957,1170,674,1200,
sub-040,1038,1812,1657,1922,1455,1581,1632,1970,1456,1886,933,1319,1587,2769,3067,3053,1232,2610,1123,1054,1140,1505,2275,1136,1166,1218,1792,1865,1079,1108,3271,3163,2533,2036,2320,636,815,2499,1641,1248,3278,843,2149,2282,1966,2702,1146,1379,680,2030,1716,2549,2785,2706,1995,1618,1495,1722,2022,782,782,1448,704,1717,1067,2611,1971,1390,1585,2120,1442,2038,1697,1417,1121,1885,1019,1545,3282,4050,1498,1396,2511,1248,1897,1822,782,1711,1857,2056,2281,1423,1864,1161,909,2512,2658,1729,678,1644,
sub-042,901,1537,1622,1575,1314,2229,1337,2037,1636,1695,940,1609,1773,1997,2899,2903,1111,2521,825,982,1048,1834,1719,1243,1161,1097,1300,1710,933,912,2872,3349,2364,2131,2267,745,764,1946,1160,1402,3969,815,1763,2310,2205,2582,1138,1242,846,1946,1553,2103,2403,2873,2130,2161,1561,1827,2181,907,847,1419,805,1792,920,2290,2186,1406,1039,1977,1233,1784,2050,1347,1311,2031,1019,1667,2867,4075,1314,1438,2658,1598,1754,1088,754,1584,1641,1759,2138,1089,1544,1147,1116,2456,2149,1317,866,1592,
sub-043,1223,2308,1959,2088,1377,2090,1488,2784,1662,2070,1040,1834,1662,2480,3301,3407,1382,2518,917,997,973,1943,1698,1755,1410,1375,1423,1877,1177,1165,3269,3132,2196,1869,2502,594,842,2385,1478,1601,4448,986,2593,2669,2499,3165,702,1036,688,2083,1724,3002,3336,3402,2195,2035,2323,2158,2557,928,1016,1194,617,1667,957,2979,2086,1342,1087,2065,1340,1920,1631,1430,1283,2319,996,1807,3260,3596,1244,1413,3172,1717,1834,1203,604,1731,1546,1291,2408,1410,2000,1286,1464,2513,2435,1420,688,1468,
sub-045,1338,2181,2111,1967,1690,1978,1216,2392,1480,2190,1000,1605,1490,2371,2881,3013,1319,2602,970,1048,1065,1452,1845,1847,1582,1402,2329,2164,1229,1110,3100,3313,2398,2291,3396,586,894,3223,1737,1526,3325,926,2496,2849,2471,3391,839,1354,659,2159,2010,2751,3211,3217,2657,1981,1766,1825,2460,999,1067,1363,706,1677,1001,2671,2667,1640,1473,2086,1268,1711,1820,1277,1685,2676,1162,1927,3266,4130,1075,1522,2727,2128,2884,1463,990,1835,1587,1495,2924,1692,2361,1051,1340,2721,3001,2011,755,1441,
sub-047,1001,1831,1504,1905,1542,2022,1602,2499,1910,1580,840,1151,1517,2377,3043,2937,972,2064,835,579,952,1371,1614,992,1329,1059,1565,1647,985,1031,2624,3394,2547,1498,2053,632,779,2592,1148,950,2753,810,1901,2109,2120,2867,857,1441,723,1449,1544,2446,2662,2923,1994,2082,1552,2085,1870,821,820,1301,541,1500,953,2316,1822,1010,1294,1999,1184,2034,1645,876,1121,2262,969,1576,2514,4012,958,1221,2212,1536,1480,1518,698,1390,1554,1258,2736,1310,1560,1070,1071,2100,2251,1845,680,1328,
sub-048,1174,1965,1608,1797,1812,2425,1681,2312,1513,1966,947,1448,1422,2675,2908,3555,1282,2242,935,903,1164,1688,1991,1443,1323,1244,1327,1705,940,1050,3115,3062,2239,1499,2279,561,782,2740,1646,1584,3446,1100,2519,2303,2013,2675,966,998,798,2230,1729,2437,3055,3210,2597,2479,1721,1688,2190,836,824,1319,658,1455,997,2307,1942,1362,1880,1806,1812,1590,1785,1228,1295,2145,1242,1322,2984,4088,1182,1191,2978,1999,1941,1047,815,1378,1298,1050,2980,1565,2174,1293,1378,2436,2331,1332,765,1324,
sub-049,1214,2299,1782,2000,2000,2508,1641,2860,2254,2427,1011,1507,2042,2867,3648,4026,1074,2927,1120,993,1252,1945,2233,1487,1474,1296,1744,2002,1454,1260,3588,3405,2828,1909,2157,960,735,2957,1896,1652,4706,1169,2450,2954,2700,4065,882,1387,962,2357,2198,2585,3312,3354,2762,2876,2079,2099,2488,1106,1105,1611,853,1827,1118,2833,2489,1742,1567,2571,1716,1797,2007,1390,1870,2583,1263,2068,3390,4938,1882,1716,3053,2296,2211,1306,1032,1934,1899,1707,3219,1560,2234,1474,1552,2816,2772,1620,937,1832,
sub-050,1081,1629,1539,2036,1565,2017,1769,2014,1566,2000,866,1302,1492,2349,3031,2823,1179,1886,982,880,1141,1352,1833,1093,1334,1153,1401,1679,823,963,3086,3576,2178,1627,1864,699,637,2565,1521,1585,3695,904,2112,2361,2324,2732,867,1385,650,1690,1788,2559,2962,3005,2208,1737,1508,1941,1943,858,961,1350,630,1497,928,2226,2043,1254,1483,2115,1315,1650,1529,1442,1094,2285,957,1354,3037,4256,1139,1645,2793,1745,2072,1123,698,1416,1586,1869,2033,1368,1759,1131,1192,2602,2468,1423,614,1309,
sub-051,982,2064,1807,2218,1627,2229,1695,2311,1857,2156,953,1615,1680,2385,3113,3272,1242,2172,1023,954,1287,2180,1844,1215,1290,1199,1502,2184,1045,1052,3361,3216,2401,1856,2578,850,865,3163,1907,1641,3995,1058,2401,2683,2339,3192,1239,1457,881,1934,1876,2991,3338,3376,2354,2235,2047,2064,2275,884,1315,1373,630,1593,893,2617,2691,1403,1286,2382,1465,2502,1697,1485,1284,2185,1098,1756,3136,4313,1352,1224,2897,1713,1827,1622,1038,1803,1688,1372,2872,1574,2057,1331,1215,2616,2725,2143,763,1578,
sub-06,1111,1742,1541,1631,1585,2131,1247,2462,1581,1780,889,1185,1329,2297,2815,2732,970,2173,703,989,1019,1496,1856,1063,1305,1350,1329,1747,1047,897,2703,2966,2259,1382,2529,656,758,2265,1429,1108,3204,870,2429,2210,2076,2516,902,1036,666,2035,1501,2519,2419,2817,2302,2024,1833,1664,1746,855,845,1173,561,1467,1011,2467,1783,1199,1171,2106,1546,2134,1387,1038,1138,2219,1184,1411,2674,3401,1077,1177,2446,1368,1519,1313,809,1424,1428,932,2370,1302,1647,989,1010,2124,2169,1547,633,1235,
sub-07,1056,1235,1306,1501,1402,1851,1622,2329,1410,2003,1116,1468,1829,2334,2671,3042,1635,2361,955,877,898,1716,2224,1204,1383,1351,1776,1716,884,911,3394,3579,2914,1758,2659,641,736,3077,1213,1156,3214,1111,2471,2407,2560,2995,955,1480,698,1921,1789,2076,3214,2709,2014,1740,1385,1494,2197,1011,989,1532,673,1628,904,2316,1858,1599,1378,1643,1401,2086,1919,1264,1483,2361,1025,1483,3203,4411,1390,1188,3130,1658,1893,1706,686,1577,1458,1048,2960,1641,1956,1292,1237,2464,2569,1746,621,1585,
sub-101,1012,1753,1654,2092,1713,2288,1532,2319,1753,2150,986,1356,1851,2327,2865,3370,1173,2343,1121,833,1317,2209,1686,1382,1184,1144,1728,1725,1034,913,2564,3018,2687,1613,2287,629,798,2550,1710,1295,2806,863,2032,2326,2224,2961,1060,1325,745,1716,1611,2582,2671,3070,2428,2053,1598,2149,2106,852,921,1350,667,1603,930,2364,2046,1389,1321,1927,1244,2246,1746,1562,1318,2084,1064,1459,2753,3536,1068,1383,2625,1538,1803,1376,796,1479,1542,1394,2368,1384,2171,1092,1140,2585,2530,1480,770,1514,
sub-102,1132,1779,1498,2209,1681,2162,1982,2601,1594,1953,926,1475,1823,2396,3386,3573,1236,1945,945,857,1016,1691,1718,1199,1179,1319,1577,1809,932,1013,2855,3264,2775,1649,2170,654,770,2703,1784,1688,3865,976,2147,2080,2200,3194,890,1283,807,2226,1756,2428,3438,3088,2310,2088,1855,2015,2012,854,879,1358,601,1693,1016,2927,2509,1576,997,2033,1263,2179,1550,1645,1483,2289,1311,1896,2910,3630,1224,1346,2460,1817,1719,1486,746,1623,1483,1829,2834,1302,2105,1197,1357,2211,2526,1545,860,1277,
sub-103,1167,1629,1555,1831,1531,2053,1448,2200,1364,1855,738,1113,1709,2316,3174,3126,907,2538,543,851,1145,1331,1827,892,1228,1011,1591,2024,969,1290,2846,3454,2620,2526,1995,636,616,2372,1609,1453,3807,791,2015,2314,2239,2925,816,1412,676,1444,1768,2320,3314,3224,2113,1938,1471,1608,2038,738,914,1483,646,1619,1138,2653,1970,1243,1251,1810,1660,2026,1549,1419,1162,1707,1138,1585,3081,4049,1156,1294,2756,1770,1663,1312,686,1650,1506,1530,2574,1569,1882,1177,1081,2541,2048,1299,752,1157,
sub-104,1173,1795,1814,1826,1498,1758,1371,2553,1642,1898,822,1236,1663,2364,2990,3304,1056,2584,1048,875,982,1766,2146,1091,1361,1303,1415,1913,903,1377,3217,3172,1991,1938,2067,747,822,2593,2117,1979,3660,1002,2183,2244,2335,3495,947,1293,782,2265,2041,2665,3203,3179,1927,1618,1847,1740,2084,781,877,1169,568,1533,996,2533,2637,1035,1418,1976,1338,2050,1766,1502,1028,2321,1149,1860,3132,3733,1047,1656,2632,1860,1660,1338,874,1603,1503,2072,2513,1326,2010,1190,1365,2251,3037,1733,674,1769,
sub-105,1081,1534,1424,1916,1395,1552,1356,2326,1320,2183,887,1317,1401,2527,3185,2947,961,2331,853,905,1089,1375,1818,1290,1342,1302,1743,2046,1071,1145,2943,3199,2082,1768,2076,595,934,2386,1520,1148,3130,1044,2249,2441,2184,2915,1064,1242,657,2006,1919,2463,2949,3169,1896,1636,1578,1894,2474,888,843,1322,683,1854,1068,2707,1824,1358,1083,1672,1244,2024,1740,1382,1255,2124,1184,1738,2955,3892,1121,1083,2671,1613,1723,1261,907,1693,1353,1160,2033,1325,2034,1268,1214,2486,2488,1583,658,1305,
sub-112,1057,1668,1587,2006,1719,1772,1193,2598,1707,2452,911,1239,1834,1920,2353,2189,1511,2159,1168,1114,1246,1926,1559,1667,1084,1100,1748,1668,855,801,2819,3192,1476,1955,2364,541,667,2596,1929,1408,3208,816,2147,2605,2314,2728,1119,1105,767,2002,1419,2243,2609,3135,2304,1802,1756,1748,1883,856,1118,1301,455,1370,1030,2073,1980,1492,1287,1935,1346,2544,1197,1456,1463,2006,1031,1406,2843,3920,1005,1257,2633,2051,1607,1504,771,1652,1374,1349,2456,1129,1911,1029,1187,2667,2346,1303,651,1618,
sub-113,1102,1784,1314,1631,1552,1878,1234,2290,1506,1821,835,1104,1427,2568,3043,2648,750,2211,723,842,882,1636,1891,981,1069,1012,1315,1395,846,892,2725,2725,1528,1325,2057,690,558,1946,1304,1077,2978,751,1880,1941,1920,2326,792,942,718,1565,1474,2189,2196,2599,2082,1937,1398,1616,1910,755,837,1175,559,1528,937,2417,1448,1232,1165,2093,1227,1863,1377,1244,1168,1853,961,1338,2527,3246,999,962,2238,1206,1369,1175,742,1472,1371,1029,1898,1196,1799,998,992,2036,2014,1196,635,1182,
sub-114,1111,1665,1561,1893,1689,2771,1290,2749,1661,1873,829,1497,1395,2184,2715,3154,847,2273,663,811,938,1929,1805,1029,1274,1301,1058,1778,803,1197,2830,3302,2419,1590,2395,665,752,2358,1531,1149,3632,825,2343,2170,1767,2355,852,759,791,1775,1697,2429,3598,3716,2670,2308,2000,1925,2108,840,853,1174,603,1493,849,2329,1960,1168,1364,1715,1178,1463,1872,1186,1378,1983,1005,1401,3099,3965,1066,949,2378,1577,1633,1120,812,1476,1455,1041,2424,1229,1987,1146,1171,2439,2416,1521,773,1539,
sub-115,1132,1748,1944,1846,1771,2432,1466,2844,1992,1827,890,1360,1615,2261,2460,3186,1161,2689,781,987,990,1834,1333,1166,1358,1383,1430,1823,1013,663,2904,3308,2573,1629,2642,778,1002,2369,1405,1475,4717,1014,2716,2639,2451,2521,783,995,799,1789,1939,2610,2726,3128,2858,2462,2060,2113,2169,823,980,1324,530,1539,975,2347,2050,1491,1715,2339,1652,2347,1385,1294,1377,2037,894,1452,3378,4140,1511,1346,2754,1774,1639,1399,777,1581,1612,1278,2638,1243,2025,1278,1122,2556,2356,1424,796,1693,
sub-116,1128,1513,1285,1535,1426,1962,1274,2684,1636,1960,913,1467,1584,2052,2773,2506,864,2762,660,875,850,1509,1966,1397,1297,1137,1692,1742,975,896,2896,3065,2150,2122,2382,680,648,2446,1379,1376,4261,903,2123,2016,2034,2755,773,1202,773,2158,1518,2123,2354,3248,2400,2232,1507,1588,2163,820,927,1237,579,1503,1017,2354,1744,1138,1100,2028,1161,1972,1695,1240,1365,2114,947,1669,2760,3772,1098,1349,2345,1663,1459,1072,736,1495,1484,1542,2177,1325,1891,1103,1201,2263,2418,1437,664,1754,
sub-117,1128,1692,1371,1462,1509,1898,1002,1989,1609,2282,828,1079,1349,2424,3022,2758,737,2627,800,979,1011,1556,1861,1132,1444,1226,1583,1957,930,1078,3106,3191,2265,2187,2164,625,748,2604,1576,1292,3830,767,2121,2385,2230,3164,1259,1238,724,1968,1587,2139,2505,2542,2170,1949,1966,1839,1980,846,907,1210,538,1349,823,2834,2556,973,998,2177,1396,2139,1327,1210,1119,2174,1180,1429,3060,3967,1044,1336,2543,1860,1653,1473,761,1547,1524,1266,2836,1397,1988,1053,1147,2778,2433,1318,716,1631,
sub-12,982,1622,1320,1727,1309,1780,1234,2266,1734,1933,805,1061,1282,2040,2733,2666,708,2316,588,706,808,1527,1859,996,1058,1014,1360,1519,787,1023,2379,2616,1829,1573,1985,721,625,2070,1250,1233,2534,771,1967,1875,1924,2583,809,1074,702,1488,1439,1967,2033,2738,2143,1877,1405,2053,1943,812,756,1114,554,1371,879,2108,1271,1056,1474,1920,1070,1888,1827,992,1110,1763,929,1279,2599,3247,1047,1091,2315,1375,1363,1298,663,1245,1360,1132,1911,1186,1483,901,978,2025,2014,1341,653,1106,
sub-120,1318,1877,1711,1734,1961,2367,1822,2322,1771,2018,860,1359,1627,2315,3196,4040,1111,2925,1086,1037,1196,1707,2325,1450,1351,1306,1598,2073,1088,1114,3371,3331,2831,2179,2258,640,845,2573,1719,1686,3643,977,2489,2469,2253,2912,1198,1412,792,2120,1835,2490,3166,3142,2632,2201,1750,2000,2200,879,1082,1525,610,1949,1081,2545,2091,1710,1146,2128,1426,2276,1898,1496,1427,2470,1154,1553,3443,4466,1207,1443,2929,1907,1607,1419,1021,1603,1582,1726,3159,1522,2091,1476,1531,2832,2402,1959,684,1646,
sub-121,1118,1829,1378,2277,1633,2126,1554,2437,1874,2305,992,1672,1574,2819,3671,3398,1214,2287,1031,1112,1312,1838,2120,1917,1628,1322,1800,2031,1245,1188,3010,3733,2186,1967,2230,765,971,2809,1444,1502,3560,1051,2158,2467,2546,3079,1292,1213,948,2110,1742,2390,3455,2893,2479,2090,1807,2082,2301,950,1050,1579,748,1861,1209,2955,1931,1531,1702,2396,1596,2327,1988,1680,1485,2470,1272,1876,3197,4217,1334,1312,3035,1415,1786,1497,896,1786,1833,1809,2807,1474,1792,1268,1176,2517,2939,1653,806,1586,
sub-122,919,1718,1582,2084,1716,1898,1316,2086,1423,1843,897,1208,1493,2369,2981,2812,1006,2432,751,848,1032,1333,1822,1085,1363,1171,1622,1734,972,1017,2454,3062,2277,2034,2365,687,747,2665,1572,1192,3129,888,2304,2480,2106,3137,890,1260,654,1621,1589,2486,2995,2926,2361,2077,1406,1782,1940,859,877,1170,562,1608,652,2869,1977,1195,1219,2173,1035,2200,1710,1192,1249,2083,1091,1765,2543,4168,1279,1343,2477,1508,1468,1237,788,1617,1410,1127,2731,1334,1852,999,1227,2362,2637,1415,721,1443,
sub-123,1188,2082,1661,2265,1526,1831,1719,2584,1676,2688,990,1489,1568,2653,3038,3154,1029,2437,1152,856,1078,1915,1988,1704,1399,1349,1743,1902,1129,1042,3516,3706,2373,2158,2720,710,806,3042,1472,1287,3322,1030,2416,2545,2470,3234,1335,1593,681,1677,2006,2606,3016,3091,2144,2279,1845,2142,2512,945,1126,1313,758,1933,1589,2971,2175,1606,1422,2085,1510,2471,1848,1517,1580,2402,1056,1620,3256,4780,1200,1601,3108,2386,1853,1242,769,1606,1590,1616,2685,1726,1875,1485,1424,2684,2723,1301,800,1256,
sub-124,1190,1946,1616,1951,1783,2267,1454,2334,1712,1777,923,1262,1604,2258,3033,3086,1005,2306,788,1024,1125,1446,1860,1414,1265,1145,1856,1794,918,1017,3182,3297,2498,1567,2153,751,788,2769,1487,1197,3625,863,2100,2472,2595,3378,1000,1367,779,1880,1592,2434,2787,2799,2719,2550,1764,1976,2049,867,965,1094,526,1459,874,2632,1829,1064,1205,2230,1189,1925,1772,1569,1415,2103,1067,1514,2990,4031,1250,1358,2884,2161,1796,1473,809,1627,1704,1308,3018,1379,1872,1096,1196,2594,2337,1546,850,1526,
sub-125,1110,1636,1371,2438,1490,1649,1745,2314,1967,1711,889,1419,1517,2784,3142,3480,1184,2488,1160,1018,1408,1689,1894,995,1145,1182,1752,2027,1127,1073,2921,3083,2471,1645,2396,717,782,2176,1391,1241,2942,972,2114,2373,2307,2882,946,1168,778,1941,1776,2316,2726,2513,1869,1775,1909,2061,2018,850,959,1342,695,1853,838,2490,2038,1624,1297,2512,1412,2410,1819,1473,1424,1951,1109,1576,2858,3791,1607,1443,2530,2189,1447,1189,854,1699,1799,1660,2533,1414,1906,1154,1193,2525,2205,1286,739,1435,
sub-126,1138,1591,1402,1657,1279,1728,1202,2287,1441,1664,924,1285,1299,1955,2842,2483,1201,2571,631,962,784,1501,1836,1017,1129,1117,1690,1693,935,1081,2638,3262,2131,2278,2213,736,691,2029,1310,1268,3825,803,2091,2132,2591,3297,809,1167,594,1701,1874,2054,2559,2800,1940,1652,1524,1610,2122,832,999,1112,548,1404,832,2302,1729,1203,1159,1812,1259,1950,1985,1596,1362,1809,952,1602,2794,3817,1122,1249,2994,1054,1524,1081,680,1640,1557,1657,2384,1185,1965,1014,1004,2186,2611,1339,585,1031,
sub-127,793,1537,1275,2007,1343,2078,1273,2077,1365,1600,809,1113,1176,1940,2527,2273,663,2134,604,676,867,1231,1356,856,1090,967,1223,1468,783,793,2393,2806,1841,1399,2523,573,591,1989,1436,1332,2926,735,1734,1892,1758,2408,675,914,676,1330,1248,1942,2384,3310,2340,1876,1735,1640,1591,700,667,1081,631,1436,911,2148,1756,889,1071,1683,1051,1942,1516,800,841,1742,924,1196,2194,2970,846,1020,1982,1343,1058,1106,772,1264,1154,733,1712,1108,1497,930,962,1963,1888,1069,620,1107,
sub-128,1057,1449,1560,1622,1429,2112,1736,2204,1241,1906,831,1242,1440,2411,2960,2962,835,2243,783,860,929,1510,1663,987,1250,1066,1590,1710,937,1001,2962,2859,2236,1379,2317,638,742,2365,1821,1181,2799,799,1932,2215,2280,2938,981,1237,618,1601,1435,2220,2252,3030,2076,2112,1708,1444,2021,833,825,1094,543,1692,855,2645,2145,1285,1259,2053,1100,1983,1701,1201,1520,1898,1079,1644,2782,3604,1013,1354,2498,1596,1881,1380,710,1465,1579,1200,2384,1414,1762,935,1069,2242,2721,1677,638,1434,
sub-129,1055,1897,1794,2197,1511,1883,1114,2221,1825,1800,848,1231,1574,2435,3249,3153,1026,2710,835,916,935,1886,2310,1100,1225,1012,1574,1777,974,1035,2715,3161,2189,1915,2308,890,745,2152,1317,1149,2741,800,2006,1935,2117,2799,1047,1334,676,1821,1424,2401,3326,3400,2366,2163,1635,2242,1903,765,705,1218,705,1892,769,3281,2311,968,912,1724,1088,2017,2233,1164,970,1923,1209,1624,2688,4075,891,1220,2762,1180,1965,1397,634,1453,1403,1181,2285,1206,1506,1086,1128,2284,2274,1625,729,1073,
sub-13,883,1450,1364,1922,1317,1643,1395,2152,1218,1590,793,1176,1525,2202,2438,2517,1170,2445,908,820,876,1532,1456,1048,1038,1118,1422,1854,828,986,2582,3246,2340,2042,2063,571,712,2347,1462,1405,3749,852,2046,2042,1709,2711,985,1057,588,1613,1419,2032,2681,2726,2187,1603,1652,1597,1549,710,730,1356,565,1442,931,2458,2733,1185,1336,1978,1142,2052,1388,827,952,1868,1157,1315,2741,3764,925,1485,2297,1252,1621,1092,618,1313,1243,1144,2444,1147,1384,1140,1048,2084,2486,1343,542,980,
sub-130,963,1618,1537,1601,1605,2386,1168,2096,1587,2126,910,1259,1283,2202,2870,2955,1037,2510,747,789,950,1390,1941,1404,1253,1195,1871,1907,905,1086,2806,3932,2305,2203,2454,691,681,2472,1699,1453,3292,845,2414,2757,2731,3144,853,1129,716,1728,1685,2139,2846,2914,2605,2039,1818,1947,1839,803,791,1151,537,1674,951,2580,2519,1041,1193,1834,1436,1728,1525,1090,1111,2046,1052,1667,2654,4320,926,1368,3219,1960,2229,1357,746,1793,1430,1174,2431,1218,1596,1127,1209,2703,2551,1523,649,1315,
sub-131,1067,1729,1751,1851,1812,2812,1615,2473,1738,1744,930,1587,1269,2080,3436,3198,821,2027,525,608,780,1584,1763,1051,1339,1500,2425,2426,877,991,3207,3312,2383,1250,4056,565,762,2057,1563,1554,3063,1102,2980,2901,2576,3781,901,1456,639,1343,1808,2395,2828,3128,2687,2208,2121,1974,2077,835,909,1539,649,1661,960,2290,1977,1487,1343,2418,1446,2106,1572,1277,1546,2357,1244,1409,3010,4572,956,1524,2492,1762,1401,1083,871,1650,1482,1273,2363,1332,1694,1275,1286,2513,2185,1099,689,1464,
sub-132,1169,2037,1995,2100,1734,2567,1752,2830,1970,2272,864,1410,1510,2263,3180,3283,835,2254,797,692,1067,1892,1484,1088,1421,1332,1598,1974,969,1136,3118,3256,2494,1659,2720,840,689,2793,1803,1336,3669,961,2448,2459,2166,3046,881,1080,928,1820,2007,2790,3411,3478,2432,2509,2344,2256,2097,867,999,1385,717,1487,963,2392,2402,1378,1705,2172,1310,1998,1660,1107,1222,2434,1126,1724,3169,4103,1040,1184,2596,1790,1861,1335,827,1718,1718,1247,2540,1579,1775,1172,1337,2491,2560,1598,870,1608,
sub-133,1086,1663,1511,1854,1538,1635,1372,2120,1623,1831,966,1246,1586,2337,3239,3290,813,2333,741,891,1003,1266,1950,1051,1260,1149,1248,1731,945,1218,2589,2557,1852,1764,1701,833,603,2163,1208,1183,2815,804,1785,2079,1917,2703,677,940,731,1793,1801,2481,2965,3277,1958,1813,1412,1776,1930,904,886,1389,556,1355,922,2450,1585,1341,1290,1860,1171,1660,1486,1017,1239,2114,1168,1534,2839,3729,998,1387,2193,1213,1786,1204,881,1479,1499,1179,2380,1249,1620,1072,960,2224,2344,1628,688,1288,
sub-135,1155,2082,1822,1607,1775,2819,1531,2286,1792,1976,919,1440,1720,2281,3505,3490,1196,2736,897,1114,1000,1622,1957,1247,1503,1280,1767,1907,987,1255,3357,4032,3012,2530,2480,743,762,2742,1761,1319,3819,928,2447,2615,2440,3494,1249,1296,946,2326,1941,2527,3550,3431,2836,2619,2007,1932,2213,952,1135,1216,614,1811,965,2479,2797,1366,1580,2579,1638,2236,1643,1556,1577,2338,957,1567,3424,4062,1207,1609,2751,2156,2138,1581,838,1492,1783,1469,3036,1748,1930,1344,1340,2597,2779,1656,898,2117,
sub-137,1101,1683,1759,1913,1832,2374,1681,2639,1559,1361,898,1248,1224,2388,3382,3558,869,2808,1010,1271,1229,1505,2055,1534,1362,1519,1438,2011,1116,1117,3226,3609,3228,2325,2933,714,797,3139,1501,1234,4221,945,2890,2730,2533,3054,1077,1259,659,2125,1675,2276,3146,3050,2696,2209,1698,2015,2218,990,1305,1181,512,1580,921,2605,1945,1718,1982,2412,1217,2329,1987,1309,1803,2406,1233,1906,3425,4027,1164,1539,2963,1796,2002,1460,904,1658,1662,1459,3392,1808,2365,1279,1056,2630,2830,1753,711,1438,
sub-138,1055,1861,1658,2138,1800,2540,1771,2338,1618,2367,874,1380,1638,2490,3008,3229,1089,2167,788,926,1276,1564,2101,1233,1290,1285,1689,1870,1052,1335,3395,3021,2187,1704,2239,654,758,2175,1560,1550,3245,986,2544,2528,2690,3711,734,1375,776,2025,1503,2147,2781,3117,2694,2354,1456,1803,2251,780,790,1374,666,1661,1189,2934,2287,1238,1819,1985,1232,2082,2038,1657,1175,2253,1368,2041,3180,3828,1340,1357,2967,1559,1766,1386,684,1595,1579,1776,2581,1434,1844,1307,1328,2336,3014,1861,713,1322,
sub-14,1347,2088,1606,2082,1435,1700,1756,1959,1544,2069,901,1491,1725,2484,2924,3469,982,2468,896,868,1106,1840,1966,1618,1374,1200,1494,1921,963,1039,3188,3569,2243,1618,2544,753,848,2565,1519,1509,3267,922,2034,2241,2185,2831,1103,1127,685,1736,1784,2540,2613,2754,2384,1899,1566,1777,2135,856,1029,1126,487,1462,1051,2705,2135,1202,1117,2372,1723,1948,1520,1427,1441,2195,1183,1592,2954,4812,925,1553,2666,1588,1750,1499,740,1365,1631,1733,2481,1521,1865,1209,1262,2547,2650,1813,735,1254,
sub-15,1309,2152,2146,2399,2195,2622,1696,2724,2114,1834,941,1311,1623,2614,3188,3621,919,2479,1078,776,1126,1654,1601,1442,1424,1372,2055,1965,1005,997,3208,4356,2124,1979,3161,885,885,2435,1438,1287,4266,1101,2861,2813,2444,2940,835,1143,887,2020,2098,2797,3693,3876,2933,2186,2043,2379,2260,983,1164,1409,645,2049,1126,2807,1840,1381,1507,1782,1583,2079,1715,1277,1633,2636,1079,1608,3156,5133,1148,1155,2898,2152,1593,1701,854,1762,1774,1255,2714,1424,1764,1451,1694,2918,2652,1778,867,1711,
sub-16,1098,1613,1616,1562,1572,2092,1222,2175,1645,2082,919,1293,1480,2264,2828,3082,812,2453,771,842,1085,1488,1749,1455,1416,1244,1765,1843,777,839,2894,2905,2570,1320,2134,665,763,2701,1639,1306,2888,825,1943,2217,2330,2759,1000,1109,721,1434,1670,2265,2715,2638,2286,2109,1557,2044,1959,853,830,1403,607,1551,882,2289,1850,1336,1296,1989,1252,1983,1654,1301,1322,2185,928,1441,2869,4156,1127,1293,2572,1104,1653,1488,755,1501,1668,1042,2579,1457,1824,1093,956,2439,2363,1714,781,1481,
sub-18,1071,1670,1664,1803,1703,2181,1363,2697,1818,2430,999,1636,1553,2112,3310,3034,1353,2734,892,1009,1248,1329,2209,1448,1320,1191,2177,2112,1144,1430,2814,3163,2198,1835,2418,641,789,2287,1531,1087,3138,954,2333,2309,2587,3467,985,1483,690,2040,1494,2155,2854,3308,2594,2125,1838,1980,2181,932,993,1465,620,1612,1074,2696,2383,1357,1226,2315,1422,1925,1585,1196,1374,2167,1195,2033,2804,4264,1000,1411,3089,1765,2500,1498,820,1844,1361,1282,2351,1180,1603,1135,1293,2337,2936,1935,776,1409,
sub-19,868,1731,1429,2001,1951,2606,1745,2264,1546,1952,971,1593,1814,2441,2815,3308,1019,2539,1052,787,1288,1535,1994,1046,1284,1339,1440,1767,869,1043,2869,3071,1979,1554,2250,657,708,2363,1401,1300,3085,1003,2306,2388,1895,3131,914,1249,865,1584,1552,2193,3334,3309,2557,2415,1729,1994,1985,830,954,1403,585,1561,1107,2435,2027,1254,1204,2050,1153,1847,1613,1223,1310,2283,983,1717,2980,3618,879,1115,2276,1892,1714,1356,755,1566,1197,1162,2206,1506,1798,1268,1380,2427,2552,1735,741,1176,
sub-20,1215,1886,1931,2186,1672,2255,1495,2345,1871,2446,937,1591,1703,3115,3279,3185,1537,2793,1406,685,1233,1646,2153,1680,1324,1270,2099,2052,999,1122,3238,3429,2120,2077,3284,964,846,2675,1627,1441,3598,1007,2763,2704,2417,3312,976,1244,901,1890,1875,2580,2959,3275,2603,2423,2009,2121,2306,1009,1418,1539,641,1951,974,2566,2420,1669,1377,2328,1131,2437,1790,1550,1768,2459,1134,1826,3188,4375,1591,1676,2928,2214,1861,1518,1065,2010,1533,1448,2743,1588,1977,1301,1352,2550,2670,1482,906,1717,
sub-21,1157,1672,1657,1857,1623,1757,1838,2146,1708,1745,841,1244,1474,2296,3027,3412,823,2518,669,902,1029,1210,1777,970,1309,1198,2135,1867,969,1062,2752,3380,2089,1807,2809,859,714,2599,1336,1127,3417,923,2251,2201,2421,2911,900,1149,885,1955,1815,2379,3196,2992,1917,1879,1754,2191,2098,809,835,1430,580,1517,949,2578,2292,1256,1010,1730,1198,1823,1575,1429,1246,2103,993,1681,2635,4170,943,930,2887,1902,1869,1296,688,1582,1528,1256,2347,1485,1926,1221,1288,2385,2763,1517,762,1525,
sub-22,1017,1658,1300,1707,1512,1817,1100,1976,1699,1754,883,1290,1416,2270,3046,2786,927,2246,865,862,1041,1316,1791,1056,1181,1344,1644,1770,977,1087,2886,3399,2498,1900,2741,654,723,3068,1314,1275,2992,905,2553,2236,2179,2580,1067,1174,754,1858,1764,2145,2791,2645,2046,1771,1587,1848,2138,948,999,1492,663,1437,1034,2380,1936,1477,1439,2006,1121,2162,1712,1283,1636,2054,1166,1501,2980,3949,965,1261,2716,1560,1905,1569,777,1570,1492,1443,2602,1391,1824,1239,1134,2240,2309,1584,732,1282,
sub-23,901,1595,1407,1787,1294,1803,1578,1900,1346,1747,765,1109,1431,1988,2472,2728,787,2225,713,837,826,1610,1518,826,1106,1164,1085,1526,892,734,2583,2701,1759,1673,2724,574,742,2242,1496,1102,2467,803,2503,2062,1997,2172,768,846,636,1813,1392,2136,2339,2727,2099,1776,1566,1587,1695,662,728,1163,562,1362,759,2020,2079,821,1037,1816,1218,2306,1506,1159,887,1972,951,1181,2478,3230,941,1397,2503,1603,1162,1148,674,1255,1494,1692,1907,1166,1466,1031,1190,2328,2003,1156,601,1244,
sub-25,1106,1837,1747,1796,1571,1921,1515,2407,1795,1885,776,1302,1520,2702,3073,3395,1053,2031,889,716,970,1719,1801,1083,1378,1200,1398,1708,903,941,2922,3939,2399,1786,2612,760,688,2591,1291,1359,3124,942,2213,2237,2215,2819,991,1103,857,1605,1843,2553,3199,2827,2201,2002,1651,2088,2272,857,971,1526,649,1768,741,2580,1961,1519,1238,2103,983,2293,1650,1386,1700,2215,1072,1464,2858,4520,1308,1355,2691,1307,1655,1703,710,1470,1444,1249,2962,1549,2103,1314,1139,2449,2453,1512,755,1248,
sub-26,1100,2111,1702,2060,1609,1961,1227,2655,1775,1865,982,1770,1759,2197,3111,2845,1226,3073,825,1622,1391,1864,1967,1514,1323,1207,1654,1944,1092,1110,3773,3304,2482,2801,2379,861,856,2915,1830,1438,4261,1007,2378,3227,2768,2924,1025,917,892,2983,2193,3030,3058,3025,2425,1938,1662,1891,2227,899,1168,1456,660,1663,1140,2822,2049,1415,2292,2404,1905,2105,1742,1493,1198,2255,1456,1898,3451,4329,1743,2105,3128,2106,1964,1444,990,2066,2004,2018,2725,1428,2116,1247,1413,3070,2688,1471,876,1879,
sub-27,1072,1708,1358,1968,1545,1825,1822,2740,1702,2233,991,1450,1758,2471,2893,3031,1222,2723,1002,831,1143,1837,1966,1635,1298,1231,1483,1796,1049,994,2973,3646,2762,2140,2559,848,752,2452,1380,1283,3124,852,2067,2383,2308,2693,964,1052,864,1980,1898,2316,3286,2802,1902,1850,1809,2058,2268,945,1007,1284,660,1394,940,2297,1904,1241,1607,2343,1138,2066,1480,1546,1430,2255,1117,1516,3230,4259,1306,1571,2605,1853,1818,1632,799,1688,1663,1613,2457,1428,1808,1149,1220,2583,2286,1339,846,1621,
sub-28,967,1769,1430,1970,1060,1573,1684,2863,1397,2067,849,1306,1753,2705,3111,2880,1154,2709,941,676,1033,1912,1995,961,1427,1149,1285,1666,1008,906,2979,3568,2463,1959,2040,949,1084,3064,1757,1398,3725,937,2219,2410,2359,2922,791,1134,692,1889,1724,2315,3362,2997,1573,1664,1574,1403,1922,781,802,1315,735,1805,1181,2790,2077,1276,1586,2053,1470,1948,2239,1369,1234,2344,1142,1803,2722,4221,1378,1551,2490,1390,1370,1142,948,1663,1405,1762,2662,1452,1899,1236,1213,2301,2191,1282,649,1465,
sub-32,1001,1521,1277,1797,1311,2120,1394,2058,1682,2346,956,1437,1835,2682,3033,2950,1041,2472,791,1055,1172,1884,2098,1420,1358,1420,1860,1951,959,1220,2952,3495,2616,1785,2470,755,751,2615,1799,1405,3378,850,2341,2563,2314,3136,1194,1282,819,1928,1663,1966,2769,2691,2328,2195,1681,1903,2424,925,978,1132,642,1513,706,2832,2141,1067,1031,2131,1282,2024,2084,1679,1236,2260,1173,1741,3071,4318,1108,1387,2810,1703,2175,1569,726,1724,1552,1649,2934,1376,2104,1133,1298,2730,2715,1566,825,1532,
sub-33,1219,2006,1857,2176,1994,2345,1375,2088,1644,1988,957,1197,1362,2349,3426,2963,829,2620,864,1478,1476,1405,1833,1388,1360,1283,1593,1898,1239,1143,2859,3411,2703,2035,2795,682,829,2569,1220,1119,3459,922,2631,2549,2304,3431,675,878,825,2395,1945,2769,2587,3514,2512,1829,1581,1962,2246,1069,1026,1354,594,1516,897,2544,1551,1145,1712,2612,1352,1977,1762,1392,1419,2233,1273,1847,2785,4114,1419,1646,2477,1536,2152,1386,750,1557,2032,1528,2533,1695,2119,1130,1092,2487,3272,1822,803,1473,
sub-35,1194,1746,1784,1922,1705,2107,1256,1896,1816,1818,782,1350,1575,2571,3211,3059,946,2518,1052,943,1050,1520,1947,1196,1222,1115,1172,1763,915,1065,2343,3172,2132,1861,1539,770,681,2184,1390,1422,3134,865,1797,1983,1860,2498,817,1055,714,1782,1666,2447,2928,3149,2353,2033,1579,1970,1979,846,1051,1307,568,1823,1199,2648,1953,1435,1160,1799,1371,1857,1610,1198,1190,2040,933,1432,2342,3889,1202,1227,2074,1630,1471,1247,546,1393,1469,1462,2055,1237,1669,909,1160,2045,2049,1356,672,1070,
sub-36,1202,2002,1687,2209,1404,1704,1442,2721,1719,2091,808,1279,1349,2003,2721,3051,965,2861,1029,1010,1374,1605,1476,1426,1250,1081,1541,1429,1013,901,2979,3199,1874,1924,2380,863,731,2587,1510,1528,4171,804,2350,2236,2181,2881,740,1012,799,2069,1844,2725,2964,2906,2165,1877,1849,1949,2040,746,879,1198,647,1366,843,2029,2208,1314,1789,2508,1565,1737,1757,1363,1111,2083,840,1341,2789,3571,1333,1761,2577,1529,1322,1137,779,1239,1824,1809,2006,1340,1640,1102,1389,2259,2062,1301,754,1807,
sub-37,965,1559,1282,1987,1814,2595,2107,2288,1999,2290,1041,1452,1531,2144,3254,3046,1042,2494,925,808,1055,1782,1968,1052,1416,1285,1544,2015,1094,1140,3398,3368,2380,2107,2621,779,740,2639,1472,1066,3311,1031,2655,2815,2631,3097,831,920,959,1855,1817,2246,2921,3110,2502,2159,1377,2015,2312,1099,1093,1342,597,1559,802,2988,2122,1339,1673,2058,1547,2340,1758,1378,1379,2244,1248,1818,3095,4297,1537,1392,2974,1578,1774,1400,762,1846,1665,1688,2475,1422,1480,1206,1112,2870,2520,1576,860,1566,
sub-38,954,1724,1602,1766,1626,1831,1495,1965,1446,1692,792,1041,1354,2088,2661,2855,783,2217,887,700,1120,1319,1357,929,1109,981,1549,1558,1020,811,2396,2941,2157,1419,2255,510,712,2312,1501,1291,2751,672,1927,1945,1918,2669,891,1227,638,1727,1586,2154,2718,2844,2147,1721,1396,1752,1884,782,709,1069,525,1412,936,2395,1703,1065,1308,2024,1515,1610,1618,1155,1039,1796,1036,1465,2515,3792,961,1196,2309,1276,1627,1279,611,1327,1465,1182,2188,1193,1722,982,963,2153,2320,1476,564,1045,
sub-39,1122,1947,1479,2317,1513,2277,1694,2785,1991,2056,952,1503,1827,2488,3460,3262,1250,2493,1082,833,1120,1677,1929,1311,1284,1180,2028,1872,1089,1207,3127,3645,2488,2176,2547,865,830,2805,1551,1086,3193,830,2495,2572,2580,3094,1170,1299,907,2045,1721,2641,2856,2986,2298,2102,1715,1908,2216,936,1100,1308,591,1763,1131,3072,2010,1568,1353,2230,1561,2275,1379,1655,1746,2280,1293,1736,3021,4722,1102,1505,2841,1763,2340,1716,797,1659,1597,1857,2783,1502,1894,1301,1307,2562,2721,1695,776,1326,
sub-40,1193,1623,1548,1724,1491,2116,1794,2725,1860,2147,1007,1489,1883,2063,2721,3388,1044,2357,872,779,807,1686,1728,1100,1332,1189,1470,1789,924,933,2969,3318,2442,1687,2129,738,636,2109,1475,1483,3658,773,1905,2382,2217,2578,1060,1012,835,1780,1611,2495,2952,3314,2542,2284,1906,2196,2111,955,992,1147,490,1491,983,2832,1873,1508,1281,1864,1227,2065,1568,1190,1322,2122,1142,1558,2733,4427,1063,1518,2573,1254,1819,1593,662,1500,1448,1034,2819,1236,1593,1126,974,2248,2517,1516,737,1210,
sub-41,1046,1721,1435,1730,1758,2223,1200,2068,1564,1942,947,1648,1802,2634,3128,3287,1621,2514,927,812,1032,2113,2127,1399,1317,1199,1256,1978,928,1237,3224,3535,2887,1625,2599,598,670,2595,1627,1133,2948,992,2398,2734,2129,2822,1017,1214,736,1765,1760,2488,2727,3200,2653,2244,1690,1857,1973,750,873,1535,668,1703,1149,2316,2241,1345,1238,2399,1423,1811,1537,1327,1053,2170,1049,1679,3152,4211,1243,1627,2966,2078,2328,1354,913,1705,1460,1792,2385,1257,1940,1350,1294,2712,2330,1463,800,1471,
sub-42,999,1429,1523,2129,1474,2136,1436,2671,1958,2098,981,1239,1364,2462,3087,2896,1037,2571,990,837,1125,1342,1457,1404,1282,1331,1818,1819,1062,1119,2973,3205,2651,2141,2508,712,685,2921,1661,1376,3879,1096,2504,2355,2620,3218,834,1126,890,2052,1846,2267,2974,3431,2420,2234,1836,2042,2485,934,1179,1272,644,1431,658,2881,2143,978,690,1459,1138,2571,1563,1403,1240,2317,923,2001,3019,4282,852,1129,3389,1954,2493,1670,726,1891,1400,1376,3066,1426,2212,1227,1276,2746,3561,2077,1004,1445,
sub-43,948,1789,1551,2074,1628,1718,1602,2400,1914,1703,823,1151,1474,2457,2675,2749,852,1933,693,771,796,1709,1768,855,1051,1048,1917,1781,831,918,2816,3108,2101,1445,2712,711,764,1960,1211,1201,3226,690,2039,2499,2484,2270,909,981,799,1812,1648,1948,2775,3003,2317,1874,1994,2084,1846,748,940,1460,537,1581,1078,2360,1846,1327,938,2019,1315,2220,1224,1035,978,1801,1098,1375,2686,3985,841,1411,2794,1644,2202,1774,780,1596,1639,957,2687,1285,1631,1015,984,2417,2332,1492,813,1312,
sub-44,1051,1435,1438,1622,1627,1919,1232,2450,1550,1682,816,1251,1443,2250,2778,2934,1244,2730,843,869,1039,1334,1609,1061,1140,1215,1382,1608,873,987,2587,2649,2160,1952,2121,585,782,2317,1363,1170,3773,841,1986,2011,1742,2781,955,1286,644,1686,1733,2872,2433,2816,2259,1910,1342,1468,1972,735,870,1152,645,1573,983,2101,1870,1489,1177,2076,1293,1885,1708,1340,1257,2095,941,1538,2757,3510,1045,1358,2252,1696,1392,1321,698,1484,1450,1720,2037,1349,1629,1077,1083,2141,2185,1463,660,1310,
sub-45,1127,1643,1655,1594,1458,2002,1182,2082,1592,1946,885,1228,1601,2231,3161,2940,1130,2446,936,790,1192,1605,1677,1296,1432,1357,1501,1932,1041,1189,2738,3429,2416,2192,2306,612,726,2382,1500,1470,3417,995,2581,2630,2352,3392,798,1107,736,1707,1685,2057,2851,2378,1893,1929,1651,1827,2081,914,924,1463,607,1491,951,2587,1971,1620,1350,2018,1209,2399,1703,1305,1477,2386,1132,1696,2744,4303,1169,1276,2130,1788,1715,1567,786,1719,1485,1318,2822,1480,2022,1164,1303,2321,2463,1806,783,1490,
sub-46,940,1855,1495,1787,1721,2158,1783,2047,1947,1665,885,1220,1659,2250,2646,3374,985,2374,758,799,920,1908,1851,983,1192,1280,1469,1538,807,934,3311,2908,2553,1768,2809,591,685,2509,1069,1262,3145,915,2327,2278,2022,2681,835,982,697,1756,1558,2356,2715,2813,2387,2015,1782,1715,1955,856,1292,1504,585,1539,1065,2104,2172,1522,993,1777,1152,2386,1413,1305,1205,2037,927,1379,2713,3417,799,1168,2382,1464,1421,1398,793,1453,1443,1556,2494,1357,1675,1116,1069,2172,2442,1498,711,1336,
sub-47,1004,1728,1797,2045,1923,2665,2012,2552,2086,1992,993,1615,1475,1696,2868,3433,660,1912,543,516,675,2582,2131,925,1169,1345,1578,2127,838,1198,2872,3094,2790,1288,2874,720,634,2616,1745,1429,3618,821,2497,2350,2146,3188,1422,1865,709,1194,1733,2304,2975,3242,3022,2212,1872,2295,2247,820,1012,1230,530,1437,994,2114,2407,1565,1226,2144,1091,2534,1340,1444,1451,1963,923,1168,3035,4098,1211,1301,2655,1999,1496,1695,793,1282,1421,1463,2920,1454,2101,1217,1410,2335,2257,1425,770,1666,
sub-48,1106,1416,1463,1840,1433,1796,1567,2589,1784,2481,966,1343,1860,2490,3057,2869,1065,2402,908,716,992,1402,2056,1398,1355,1379,1590,1884,1034,1279,3045,3251,2726,1623,2374,683,781,2853,1833,1624,3719,1016,2511,2356,2260,3396,667,1580,700,1930,1598,2251,2709,2690,2222,1851,1900,1826,2429,1027,1043,1412,632,1701,926,2510,2170,1518,1311,2185,1222,2187,1696,1085,1545,2403,982,1620,3037,4115,1287,1611,2951,2251,2233,1544,877,1546,1552,1583,2614,1853,2227,1181,1422,2399,2918,1714,655,1487,
sub-49,1218,2290,1877,2768,2215,3079,1788,3070,1998,2435,997,1569,1624,2950,3809,3721,1441,2275,996,900,941,1644,2089,1222,1491,1448,1789,2001,1076,1166,3253,3703,2204,1366,2615,731,858,3089,1800,1449,3489,1004,2607,2730,2456,3710,1015,1644,980,2105,2261,2950,3474,3723,3189,2764,2552,2571,2226,977,1011,1506,741,2154,1088,3120,2094,1568,1253,2645,1364,2025,2184,1339,1634,2417,1340,1951,2957,5111,1322,1413,2615,2171,2208,1506,866,1941,1642,1030,2358,1481,1967,1195,1457,2689,2814,1502,898,1504,
sub-50,1110,1810,1482,2262,1407,1789,1757,2563,1834,2539,1081,1630,1737,2472,3831,3032,1274,2320,984,814,1167,2051,2103,1392,1379,1334,1800,2040,1164,1458,3232,3714,2430,1851,2403,879,913,2781,1571,1820,3567,1023,2364,2866,2489,3162,1035,1331,840,1828,1834,2630,3066,3402,2113,1850,1818,2086,2277,959,1232,1522,773,1846,1065,3043,2358,1455,1664,2123,1431,2600,1634,1179,1486,2407,1329,1875,3184,4126,1169,1567,3002,2029,2103,1835,869,1817,1588,1798,2716,1437,1839,1304,1199,2752,2891,1731,812,1334,
sub-51,954,1737,1474,1983,1658,2141,1215,2124,1619,2095,973,1410,1930,2593,3177,2748,1331,2702,904,978,1260,1669,2304,1356,1350,1190,1970,1687,1049,1061,3049,3455,1955,2032,2064,697,842,2531,1822,1622,4357,887,2217,2543,2202,2832,1125,1507,725,2353,1647,2190,3067,3046,2260,2082,1706,1746,2118,907,913,1303,632,1555,910,2651,2454,1470,1765,2592,1488,1995,2110,1371,1454,2240,1118,1591,2870,4806,1582,1516,2807,1654,1691,1636,875,1677,1665,1426,2505,1206,1629,1132,1222,2535,2609,1686,659,1590,
sub-52,1086,1590,1644,1763,1627,2368,1082,2641,1797,2091,993,1614,1914,2722,3548,2655,822,2523,796,856,1329,2124,2174,1176,1426,1142,1505,2096,1065,1204,3091,3248,2192,1693,2633,745,942,2320,1160,900,3108,913,2377,2756,2466,2937,1003,1152,802,1818,1685,1988,2210,3048,2465,2103,1515,2054,2074,858,1034,1493,730,1706,1044,2735,1571,1188,1751,1930,1176,3176,1678,1583,1226,2435,1171,1717,2926,4238,1274,1224,2776,1820,1727,1807,838,1808,1511,1321,2183,1442,1838,1151,1245,2560,2491,1843,717,1596,
sub-53,999,1827,1379,2158,1497,2054,1470,2215,1805,2546,946,1477,1857,2339,2951,3139,1335,2378,761,839,1055,1588,1920,1398,1339,1283,1440,1596,871,975,2872,3260,2249,1725,2196,647,777,2610,1866,1381,3184,927,2271,2341,2101,3028,914,1159,750,1848,1566,1860,2792,2977,2537,1897,1680,1947,2113,899,969,1573,675,1759,914,2592,2599,1437,1305,2131,1238,2367,1706,1263,1211,2207,947,1478,2661,4737,1057,1382,2529,1587,1652,1196,749,1510,1428,1171,3173,1552,1833,1140,1113,2225,2505,1344,745,1372,
sub-992001,936,1398,1402,1835,1508,1777,1190,2181,1513,1720,904,1229,1411,2133,2820,2614,1113,2213,766,860,872,1355,1642,1098,1123,1100,1345,1633,822,997,2557,2776,1495,1593,1865,650,601,1896,1240,1206,3095,872,1905,2045,1673,2242,758,968,632,1386,1472,1858,2278,2844,2120,1900,1429,1730,1890,828,844,1134,605,1485,860,2356,1327,1107,1359,1587,1175,1736,1501,1254,1141,1884,924,1318,2687,3990,1116,1075,2155,1548,1711,1077,630,1331,1237,1087,1907,1171,1358,1031,1000,2237,2180,1226,648,1041,
sub-992002,1116,1756,1541,1824,1241,1675,1478,2574,1660,1774,865,1215,1444,2408,3041,2455,715,2417,740,816,984,1548,1743,884,1297,1186,1773,1863,1169,1107,3058,3299,2249,1617,2497,608,825,2213,1674,1275,3313,899,2085,2508,2284,3113,1048,1334,565,1756,1680,2226,2468,2947,2319,1815,1518,1851,2059,853,915,1224,622,1552,927,2683,1890,915,1169,1831,1229,2103,1713,1238,968,2147,1339,1607,2787,3776,934,1294,2306,1600,1854,1623,981,1748,1327,1616,2446,1508,1789,1141,1100,2479,2431,1805,602,1270,
sub-992003,1245,1813,1890,1970,1550,2029,1570,2115,1796,2564,992,1673,1941,2754,3080,3130,1586,2546,957,1114,1235,1656,2158,2107,1456,1353,1400,2561,993,1328,3417,3545,2343,2077,2739,961,899,2490,1748,1498,4176,1035,2634,2777,2182,3286,1046,1477,850,2310,1899,2749,3199,3350,2602,2028,1417,2182,2469,1010,937,1321,514,1707,1135,2863,2619,1393,1848,2008,1911,1893,1794,1379,1230,2238,1237,1838,3312,4013,1348,1780,2834,2095,2445,1524,867,1950,1638,1492,2594,1692,1818,1339,1345,2871,2938,1759,848,1569,
sub-992004,999,1457,1346,1832,1272,1758,1454,2098,1677,2036,988,1441,1619,2259,3032,2715,1185,2360,772,826,725,1522,1955,1134,1233,1354,1468,1800,982,991,2794,3035,2287,1729,2172,739,781,2259,1521,1140,2995,820,2212,2308,2324,2758,851,1229,735,1527,1399,2088,2495,2389,1899,1893,1712,1943,2111,923,973,1427,523,1479,608,2657,2138,1291,1165,1973,987,2282,1425,1231,1278,1855,1043,1593,3032,3597,1277,1350,2730,1464,1758,1377,811,1455,1470,1145,2511,1274,1716,1103,977,2424,2381,1269,681,1273,
sub-992006,1000,1529,1467,1891,1538,1889,1135,1886,1688,1880,933,1277,1291,2118,3003,2336,927,2152,781,722,982,1431,1694,1203,1288,1247,1299,1558,930,903,2458,3314,2275,1644,1947,901,668,2470,1322,1215,2489,921,2152,2262,2194,2841,966,1015,838,1569,1614,2225,2946,3054,2227,1791,1346,1831,1827,896,944,980,496,1374,835,2715,1725,1149,1349,2036,1205,1740,1617,1119,1059,2189,1115,1629,2570,3691,938,1092,2307,1344,1303,1080,552,1498,1313,983,2326,1129,1653,1170,1121,2222,2431,1422,668,988,
sub-992007,1080,1470,1191,1697,1810,1865,1372,1978,1574,1446,612,813,1321,2145,2767,2733,689,2200,719,616,955,1242,1724,706,1006,853,1571,1786,808,894,2240,2987,1824,1425,1647,625,640,1784,1226,859,2300,655,1715,2153,2154,2901,750,1222,609,1311,1484,1858,2629,2994,2306,1699,1284,1670,1546,566,541,1164,716,1568,765,2257,1718,1048,1615,1564,979,1557,1985,1008,792,1655,1001,1493,1973,3201,898,1081,2238,1166,1554,1280,751,1399,1201,1334,1837,1151,1435,891,955,2215,2546,1511,664,1107,
sub-992008,1113,2009,1725,2002,1645,1638,1887,2544,1776,2123,1002,1717,1948,2738,3402,3046,1305,2759,969,931,1050,1964,1894,1232,1548,1285,1773,2002,1225,971,3031,3698,2617,1971,2531,696,890,2390,1247,1024,2802,960,2465,2694,2345,3203,1185,1322,729,1718,1962,2666,2888,3044,2599,1947,1629,2049,2109,931,1121,1307,711,2092,1002,2845,1792,1365,1430,2066,1097,2242,1797,1338,1440,2623,1332,1606,3192,4199,1458,1380,2683,1995,1883,1707,922,1778,1590,1458,2153,1264,1573,1261,1394,2747,2692,1957,817,1658,
sub-992009,925,1658,1550,1851,1549,2298,958,1873,1632,1917,855,1283,1510,2138,3047,2317,928,2102,712,737,988,1311,2181,1484,1183,1066,1377,1596,918,1017,2821,3097,1894,1551,1819,751,705,2520,1413,1134,2854,917,1991,2074,2237,2619,857,1152,717,1541,1537,1965,2386,2699,2330,2163,1424,1918,1813,711,804,1179,529,1449,769,2488,1948,1085,1122,1689,1166,1753,1594,1217,1093,1808,932,1583,3077,3685,1009,1017,2530,1226,1533,1247,676,1357,1471,1304,2427,1319,1707,1128,946,2121,2347,1802,743,1140,
sub-99201,1178,2154,1577,2193,1738,1779,1498,2497,1537,2279,1092,1860,1854,2858,3291,3411,1599,2951,1014,1117,1179,1472,2193,1488,1516,1413,1919,2129,1115,1200,2983,3685,2865,2091,2433,714,703,3528,1969,1331,3191,964,2304,2822,2437,3444,874,1297,773,2181,2117,2873,3956,3660,2713,2018,1815,1967,2097,940,1008,1667,644,1712,1208,2844,2458,1705,1975,2275,1793,2202,2314,1410,1302,2452,1237,1800,3230,5109,1127,1358,2832,1398,2057,1772,896,1774,1886,1530,2892,1607,1982,1376,1322,2738,2952,2291,854,1690,
sub-992010,904,1541,1426,1741,1384,1795,1195,2067,1368,1341,832,1017,1470,2084,2762,2324,910,2111,776,778,950,1471,1570,990,1066,1051,1417,1599,929,926,2727,3313,2247,1658,1909,579,681,2070,1054,1223,3354,778,1800,2153,2070,2433,801,966,636,1510,1399,1805,2235,2766,1902,1588,1408,1614,1977,847,898,1492,568,1532,908,2445,1634,1315,1062,1872,1151,1792,1523,1036,1363,1811,1025,1400,2618,4050,946,1081,2301,1100,1519,1297,581,1339,1075,1035,2270,1161,1516,1081,797,2036,2317,1381,497,971,
sub-992011,1198,1763,1711,1569,1766,2027,1957,2458,1467,1947,1000,1360,1670,2129,2738,3586,1180,2432,990,937,1024,1423,1743,1262,1268,1173,1632,1701,961,1003,3066,3185,2663,2104,2533,607,753,3201,1648,1531,3980,910,2322,2161,2431,3036,666,1214,588,1999,1894,2482,3150,3079,2299,1794,1563,1919,1943,900,1003,1481,624,1396,947,2147,2447,1554,1853,2201,1308,1978,1413,1319,1273,2144,1010,1393,3029,4281,1321,1816,2861,1630,1893,1328,682,1447,1510,1528,2929,1163,2043,1223,1170,2517,2410,1357,614,1417,
sub-992012,1134,1775,1661,2258,1810,2205,1217,2308,1853,2224,936,1589,1849,2623,3241,2440,1088,2498,789,869,1072,2020,2183,1238,1411,1298,2283,2160,1017,1098,2891,2614,1765,2019,2958,766,818,2527,1553,1372,3339,801,2105,2608,2498,3256,1119,1590,780,1746,1588,2585,2430,3099,2446,2125,1880,2142,2188,834,1053,1576,757,2112,1227,3068,1684,1453,1049,2267,1301,3022,1995,1102,1172,2101,1205,1774,3408,3773,1146,1335,2680,1566,2270,2218,858,1855,1615,922,2415,1458,2054,1198,1107,2575,3180,2532,651,1329,
sub-992013,959,1505,1631,1618,1676,2484,1332,2555,1500,1477,875,1310,1446,2023,2446,2416,914,1931,769,736,831,1364,1567,883,1101,1216,1187,1459,753,904,2326,3088,2265,1330,2442,589,595,2112,1232,1071,2861,694,2218,2034,1876,2345,589,848,717,1616,1524,1895,2278,2950,2355,2144,1793,1484,1739,809,847,1269,497,1274,698,2220,1543,1314,1224,1764,1208,1525,1574,1049,1306,1751,962,1538,2387,4155,1042,1263,2135,1219,1719,1200,656,1517,1239,1084,2432,1001,1394,893,900,1998,2175,1519,601,1165,
sub-992014,853,1841,1639,2077,1906,2750,1333,2916,1868,1831,828,1328,1601,2340,2941,2433,1014,2522,1029,899,1275,1282,2070,1098,1183,1155,1591,1918,983,1074,3087,3297,2430,1543,2464,681,731,2726,1558,1192,3281,863,2168,2751,2312,2997,1462,1199,729,1742,1546,2625,3094,3271,2843,2297,1596,2495,1724,955,969,1333,565,1658,1295,2709,1474,1535,1138,2074,1399,2524,1414,1289,1138,2137,1196,1627,2886,3873,1072,1069,2863,1877,1893,1368,792,1748,1446,1078,2847,1491,1657,1209,1065,2517,2439,1378,785,1518,
sub-992015,995,1952,1913,2074,2132,2825,1338,2893,1935,1980,880,1354,1655,2361,2931,2723,1242,2262,850,637,858,1447,1489,1382,1256,1160,1723,1687,960,895,3084,3470,2136,1370,2372,734,776,2323,1087,1150,4068,950,2210,2606,2278,2887,856,1074,845,1814,1785,2451,2751,3406,2857,2507,1959,1849,2079,812,889,1325,617,1339,835,2110,1908,1154,1537,2012,1175,1851,1365,1381,1291,2077,987,1424,2614,3886,1699,1241,2507,1692,1842,1554,741,1441,1613,1317,2505,1177,1676,1278,1116,2388,2573,1512,734,1416,
sub-992016,977,1728,1500,1855,1387,2012,1632,1885,1557,1777,842,1216,1654,2346,2700,2599,1032,2294,855,840,1079,1288,1824,849,1172,1132,1958,1853,837,1167,2846,3052,1984,1557,2280,658,675,1873,1330,1057,2583,867,2029,2265,2320,3358,750,1292,681,1598,1452,2103,2478,2762,2188,1988,1351,1560,1717,788,1037,1306,577,1406,848,2341,1580,1043,1221,1941,1467,2261,1819,1187,983,1983,1281,1629,2600,3768,989,1205,2383,1423,1762,1742,785,1708,1290,1369,2426,1186,1683,1030,953,2569,2491,1885,672,1111,
sub-992017,1092,1881,2000,2675,2174,3149,2295,3587,2440,2232,896,1536,1973,2815,2882,3648,1038,2300,683,697,725,2051,2204,1095,1387,1616,2317,2097,908,1114,3772,3745,2770,1546,3631,935,915,2871,2181,1874,3719,1156,3297,2792,2683,3589,1447,1636,1167,1908,1696,2763,3080,4415,3265,3171,2303,2660,2665,814,1295,1625,683,1787,1163,2846,2309,1060,1459,1757,1257,3000,2248,1665,1325,2817,1018,2402,3533,4407,1458,1020,3159,2344,1946,1756,941,1958,1780,1455,2850,1727,2443,1500,1818,2772,3271,2072,1198,1467,
sub-992018,1457,2342,2139,2543,1991,2948,2271,3339,2181,2240,1099,1724,2008,3114,3429,4514,1535,3382,1176,1274,1483,1657,1867,1716,1432,1607,2492,2452,1053,1225,3656,3359,2872,2465,3587,898,993,3090,2298,1837,4247,1182,3352,3047,3053,4033,1151,1566,1136,2492,2491,3370,3862,4175,2989,3016,2531,2628,2568,1137,1302,1798,843,2045,1103,2901,2821,1868,1679,2741,1718,2777,2026,1630,1897,3045,1379,2184,3881,4486,1344,1568,3725,2460,2342,1704,1038,2151,2093,1303,3278,1987,2516,1556,1743,3318,3647,1600,1101,1981,
sub-992019,1074,1827,1764,1816,1565,2046,1521,2160,1433,2186,932,1519,1417,1780,2675,2749,1015,2878,820,1036,1206,1834,1408,1493,1281,1347,1427,1717,830,943,2879,2811,1886,1847,2000,623,665,2241,1657,1495,2841,817,2370,2265,2538,2893,872,1065,708,1736,1583,2636,2722,2897,2219,2058,1449,1664,2180,967,1147,1264,534,1301,882,2225,1975,1499,1718,2094,1383,2039,1333,1221,1545,2003,1161,1444,3006,3525,1099,1395,2912,1376,2130,1328,704,1549,1379,1021,2230,1538,2073,1075,994,2503,2411,1293,612,1037,
sub-99202,933,1631,1235,1841,1466,1521,1128,2045,1364,1772,823,1145,1741,2457,3138,2430,1083,2408,825,1127,1299,1608,1882,1168,1060,963,1611,1718,1020,935,2746,3170,1907,1676,1626,614,759,2107,1328,1222,3347,730,1491,2289,2259,2647,1159,1088,637,2024,1587,1827,2173,2940,2231,1636,1407,1498,1827,801,829,1325,698,1760,995,2679,1463,1496,1453,1839,1639,1583,1920,1041,1108,1742,1143,1451,2824,3614,1400,1192,2233,1283,1791,1062,631,1481,1603,1243,2055,1413,1597,950,833,2270,2601,1846,624,1363,
sub-992020,1022,1387,1380,2001,1814,2319,992,2331,1986,1875,824,1185,1560,2234,2731,2885,926,2184,797,762,963,1334,1909,992,1297,1012,1328,1575,824,971,2736,3938,2695,1324,2248,691,640,2251,1349,1024,3017,824,2123,2021,2064,3056,908,1169,758,1410,1733,2119,2878,2962,2446,1955,1558,1922,2131,738,794,1333,652,1505,953,2198,1663,1003,1475,1932,1241,1804,1222,1093,1108,1930,904,1276,2660,4145,1249,1205,2908,1997,1614,1021,647,1517,1397,1047,2324,1505,1926,1119,1170,2551,2193,1041,680,1206,
sub-992021,1290,2045,1735,2101,1391,2147,1797,2583,1441,2395,983,1452,1675,2696,3336,3564,1330,2995,1039,1166,1268,1913,2619,1906,1509,1419,1833,2130,1046,1166,3499,3646,2910,1860,2755,737,821,2993,2280,1887,4828,987,2652,2724,2373,3487,967,1484,841,2513,2111,2680,3205,3029,2204,2255,2025,1831,2301,873,1024,1439,583,1765,775,3288,2394,1673,1767,2732,1558,2210,1964,1834,1609,2122,1377,1893,3445,4349,2074,1908,3016,1870,2406,1790,952,2032,1625,2116,2969,1747,2553,1189,1225,2689,2829,1822,752,1210,
sub-992022,1029,1603,1687,1769,1665,2513,1172,2299,1577,2301,1006,1704,1921,2315,2865,2691,1726,2762,918,1186,1377,1828,2390,1527,1301,1256,1677,2137,1004,1162,3016,3304,2145,1825,2476,631,914,2558,1558,1417,3511,913,2209,2224,2170,2806,996,1403,786,2226,1527,2469,2812,3209,2379,2124,1469,1819,2302,959,1029,1640,667,1516,967,2551,2089,1726,1628,2198,1673,2920,2112,1502,1618,2255,1048,2047,3058,3747,1459,1186,2461,1659,1504,1395,710,1719,1583,1316,2760,1343,2038,1195,1422,2403,2315,1723,778,1428,
sub-992024,999,1726,1439,1866,1380,2233,1291,1776,1504,1746,833,1242,1705,2499,2624,3065,1070,2106,775,979,797,1425,1692,963,1251,1144,1693,1830,804,1043,2646,3586,2417,1808,2382,642,725,2312,1522,1476,3595,883,1969,2496,2205,2968,1040,1287,810,1881,1659,2227,2674,2526,2130,2104,1414,1776,1886,837,898,1255,580,1513,685,2544,2076,1232,1510,2214,1046,1994,1589,1167,1179,2015,1099,1745,2871,4056,1187,1331,2482,1461,1825,1660,651,1784,1586,1385,2371,1339,1657,1072,1103,2470,2544,1694,734,1382,
sub-992025,1101,1511,1516,1896,1399,2106,1312,2272,1873,2295,979,1601,1729,2257,3099,2986,1196,2076,718,695,960,1779,1855,1340,1412,1552,1451,2119,947,1184,3102,3069,2327,1571,2712,796,942,2529,1780,1356,2647,890,2850,2536,2712,2868,880,1063,863,1680,1781,2332,3466,3002,2107,1909,1501,1713,2327,867,1031,1520,644,1487,927,2440,2062,1126,1153,1746,1258,2122,1561,1425,1270,2202,1145,1748,3138,3784,1049,1279,3133,2013,2405,1497,937,1679,1493,1662,2352,1488,2009,1181,1194,2620,3076,1542,721,1436,
sub-992026,1182,1786,1336,2001,1470,1518,1521,2532,1394,1798,925,1380,1461,2271,2908,3037,1041,2256,862,950,996,1966,1836,987,1327,1225,1562,1860,1001,1172,2673,3256,2248,1760,2249,708,743,2503,1585,1362,3582,852,2004,2434,1958,3425,1034,1614,596,1845,1824,2519,2892,3208,2073,1747,1746,1680,2118,892,1017,1355,570,1330,933,2852,1975,1419,1301,1914,1333,2542,1813,1181,1298,2136,1229,1692,2740,4311,1046,1090,2807,1754,1620,1475,810,1590,1424,1127,2287,1167,2067,1122,1184,2442,2309,1477,569,1168,
sub-992027,990,1728,1371,2186,1568,1641,1233,2129,1802,1901,879,1296,1619,2569,3177,2699,945,1992,883,740,1001,1996,2021,1152,1336,1293,1530,1724,879,1027,2480,2965,1866,1633,2129,723,792,2414,1455,1154,2786,1040,2355,2371,2322,3461,997,1386,813,1628,1765,2454,3353,3603,1980,1700,1666,1779,1968,761,914,1218,679,1658,786,2408,1882,1036,976,1579,1080,2077,1691,1112,920,2375,1006,1420,2713,3641,995,937,2834,1900,2085,1348,762,1604,1393,1149,2666,1355,1664,1261,1357,2565,3114,1687,777,1280,
sub-992028,1399,1959,1239,2233,1676,1807,1565,2884,2114,2461,946,1578,1702,3163,3888,3501,1326,2844,1472,927,1648,1704,2872,1420,1489,1501,1913,2539,1409,1619,3652,3927,2132,2075,2661,847,940,2679,1784,1661,3805,1022,2539,2781,2745,3171,1144,1309,916,2137,2064,2699,3320,3808,2385,2009,2570,2363,2533,912,1051,1702,752,1978,1040,3143,2380,1824,1485,2720,1561,1901,2172,1395,1713,2252,1410,2352,3730,4177,1670,1484,3330,2280,2332,1663,766,2055,2133,1497,2530,1738,1956,1507,1279,3034,3002,1997,803,2134,
sub-992029,1052,1751,1531,2025,1413,1803,1161,2224,1751,1965,958,1553,1632,2553,3340,3300,1284,2650,1195,1173,1280,1770,2267,991,1228,1147,1715,1820,1064,1323,2966,3404,2326,2070,2632,676,834,2316,1350,1334,4210,961,2252,2563,2389,2870,999,1211,771,2303,1756,2561,3357,2943,2154,1896,1615,2202,2366,923,969,1435,618,1871,1052,2576,2165,1678,1146,1817,1711,2639,2046,1333,1576,2101,1047,1626,2922,4034,1257,1385,3182,1978,1783,1527,840,1666,1852,1308,2487,1520,1922,1253,1365,2579,2693,1624,787,1732,
sub-99203,1097,1773,1770,2231,1837,2341,1943,2779,1889,3015,1024,1718,1977,2559,3617,3483,1404,2479,877,904,1420,1985,2094,1521,1350,1301,2032,2094,1082,1215,3282,4195,2279,1774,2936,786,860,2681,1883,1800,3559,958,2607,2554,2518,3598,1477,1895,907,1921,1920,2430,3295,3347,2406,2123,1978,2463,2879,1071,1267,1411,793,2067,1157,3319,1923,1810,1502,1993,1209,2054,2459,1678,2078,2445,1495,2111,3513,4577,1820,1522,3093,1972,2169,1377,938,1739,1486,1847,2801,1986,2313,1305,1429,2787,2986,1861,844,1343,
sub-992030,991,1450,1589,1753,1584,1763,1134,2390,1394,2028,830,1249,902,1658,2138,2553,518,1829,435,785,638,1254,1464,780,1203,1330,1698,1815,745,740,2519,3435,2003,1178,3729,556,693,2407,1567,1641,3426,850,2689,2338,2457,3054,685,1426,617,1635,1621,2217,2562,2828,2472,1887,1726,1625,2040,804,821,1349,629,1861,981,2405,2166,1285,892,1975,1537,1606,1658,1647,1200,1894,934,1487,2597,3913,820,1451,2399,1260,1633,1025,644,1323,1502,1793,2538,1427,1847,930,976,2171,2543,1424,625,1164,
sub-992033,1069,1741,1337,1913,1409,2050,1342,2219,1652,1665,975,1696,1844,2443,2997,3066,1033,2601,1140,1196,1559,2022,2107,1234,1340,1276,1702,1831,877,943,3137,2987,2261,1702,2706,702,826,2496,1379,1299,3442,923,2383,2345,2725,3026,919,1222,824,2187,1755,2246,2813,2942,2219,2023,1838,1989,1998,821,931,1240,653,1718,918,2500,2055,1116,1573,2034,1281,2197,2289,1345,1419,2267,1054,1605,3529,3787,1243,1245,2857,2102,1569,1336,928,1550,1402,1311,2856,1414,1920,1298,1562,2247,1975,1617,737,1715,
sub-992034,992,2156,2125,2366,2030,2753,1912,3165,1660,2178,1051,1620,1568,2193,2517,3318,1066,2856,792,849,834,1614,1742,1359,1589,1559,1528,1865,955,925,3307,3291,2530,1969,2414,703,955,2936,1448,1408,2861,1061,2613,2949,2554,3171,1053,1253,897,2270,1998,3105,3284,3989,2692,2079,2461,2602,2144,956,1015,1393,627,1687,886,2564,1988,1368,1199,2581,1069,2295,1399,1411,1485,2569,1062,1429,3333,5064,1069,1294,2883,1720,2059,1538,778,1522,1943,1232,2474,1742,1826,1224,1386,3088,2858,1653,823,1654,
sub-992037,1076,1635,1554,1740,1408,2106,1750,2238,1346,1763,931,1333,1494,2183,3051,3328,960,2305,691,890,1074,1806,1957,1190,1291,1167,1414,1932,906,901,3102,3602,2657,1718,2606,610,741,2199,1514,1309,3691,899,2386,2590,2465,2853,908,940,674,1886,1617,2408,2901,2988,2052,1856,1490,1668,2048,892,901,1291,582,1335,876,2378,1820,1233,1468,1959,1269,2188,1706,1363,1507,2142,1042,1518,2809,4314,1274,1154,2640,1703,1786,1561,739,1566,1463,1232,2705,1434,1836,1242,1158,2343,2683,1590,642,1274,
sub-992038,1090,2041,1766,2270,1734,2385,1547,2503,1863,2123,885,1452,1610,2695,3272,3062,1004,2196,976,845,880,1575,2141,1222,1378,1366,1632,1782,1072,1183,3009,3197,2463,1878,2841,687,923,2553,1289,1459,3185,1007,2509,2172,2035,3027,984,1313,819,1876,1548,2534,2950,3340,2437,2292,2048,1826,2380,889,916,1500,696,1676,819,2911,2132,1098,1295,2289,1269,2444,1835,1589,1371,2237,1115,1566,3291,3877,1309,1361,2720,2038,1792,1451,821,1516,1635,1360,2422,1440,2158,1216,1401,2394,2588,1565,705,1407,
sub-992039,942,1538,1593,1696,1490,2117,1425,2327,1696,1598,807,1216,1343,2236,2679,2817,742,2124,643,582,733,1556,2127,1017,1285,1244,1231,1590,948,964,2958,2989,2063,1564,2634,621,791,2218,1368,1183,3389,954,2551,2126,2108,2618,945,1145,706,1583,1485,2154,2295,2460,2278,2218,1515,1677,1830,780,871,1328,673,1523,868,2350,1683,1301,1451,1876,969,1660,1895,1342,983,2214,1062,1606,2781,3446,1146,1321,2453,1622,2018,1363,820,1443,1239,1556,2391,1429,1749,1061,1160,2089,2189,1774,718,1162,
sub-99204,1173,1710,1237,2237,1352,1771,1394,2210,1356,2104,990,1512,1828,3239,3156,3165,1515,2190,1230,1045,1224,1661,2434,1267,1394,1324,1634,1969,1015,1180,3122,3603,2501,1814,2837,709,772,2807,1462,1277,3957,1086,2612,2578,2562,3328,938,1276,679,2139,1818,2512,3133,3051,2399,1998,1706,2182,2200,901,916,1366,823,1858,967,2725,2401,1388,1635,1849,1170,1908,2398,1508,1532,2433,1192,1796,2985,4097,1244,1637,2835,1725,1883,1499,878,1702,1468,1620,3052,1723,1799,1347,1277,2477,2808,1718,787,1558,
sub-992040,1105,1722,1618,2194,1682,2228,1949,1922,1452,1959,844,1231,1465,2123,2820,3296,1123,2197,783,991,1109,1734,1702,1393,1382,1194,1664,1791,1029,899,2979,3637,2380,1506,2641,623,783,2371,1391,1133,3151,1107,2467,2479,2426,2612,1053,1090,700,1908,1888,2332,3136,2980,2497,2072,1605,1782,1957,778,885,1219,607,1564,901,2737,2100,1256,990,2045,1271,1663,2000,1321,1153,2235,1040,1530,3030,4425,947,1493,2834,1505,1564,1104,733,1519,1495,1605,2584,1331,1880,1324,1070,2657,2544,1818,673,1423,
sub-992041,990,1653,1399,1818,1705,2187,1777,2383,1691,1962,858,1171,1683,2662,3282,2663,1169,2340,949,743,1019,1696,2840,899,1310,1100,1281,1838,883,1219,2905,3026,1824,1846,2147,715,801,2072,1191,948,3137,901,2072,1963,1771,2568,953,1272,793,1605,1460,2171,2586,3344,2659,2268,1591,1918,1883,812,995,1353,694,1842,931,2713,1608,1141,1205,1920,1129,1993,1812,1134,955,2063,989,1725,3152,3402,930,1139,2512,1479,1758,1202,743,1625,1330,1225,2362,1429,1838,1229,1271,2194,2722,1455,858,1269,
sub-992042,1179,2007,1615,2242,1595,1944,1636,2257,1557,2060,977,1311,1478,2147,2974,2870,1143,2736,893,1066,1301,1582,2009,1150,1220,1205,1360,1632,1115,1047,2796,3188,2249,2100,2253,731,744,2544,1343,1361,3189,844,2098,2190,2223,2908,797,1130,743,1858,1619,2576,3057,3012,2279,1963,1732,2008,2118,853,907,1450,698,1684,1236,2281,2167,1679,1518,2104,1565,2174,1744,1218,1430,2058,1106,1481,2998,3605,1349,1430,2693,1569,1805,1258,728,1477,1630,1256,2376,1189,1864,1134,1171,2232,2396,1661,795,1556,
sub-992043,1241,2060,1790,1965,1621,1902,1480,2811,2048,2121,1006,1566,2069,2890,3529,3320,1728,2858,1212,911,1357,1875,2297,1272,1538,1565,1730,2243,1247,1396,3019,3278,2361,1702,2098,960,814,2997,2072,2076,4241,1181,2525,2742,2698,3463,1060,1383,1043,2214,2057,3001,3632,3364,2241,2117,2104,1866,2293,984,1132,1700,777,1976,1198,2580,2245,1839,1202,2708,1550,2442,1927,1560,1514,2614,1354,1960,2977,4121,1429,1427,2740,1559,1890,1773,950,2166,2059,1479,3124,1652,1968,1302,1328,2842,2932,1836,1004,1681,
sub-992044,1247,1408,1537,1732,1794,2468,1503,2480,1762,2854,1101,1656,1827,2283,3277,2724,792,2405,828,864,1095,1777,1936,1349,1565,1357,2125,1759,1033,1179,3091,3428,2122,1695,2673,787,677,2690,1485,1250,3638,943,2375,2370,2216,3038,1155,1131,823,1784,1753,2223,2947,2842,2541,2256,1438,1960,2347,962,1163,1199,641,1512,930,2472,1638,1040,1624,2324,1393,2846,1795,1373,1172,2306,1234,1628,3060,4216,1371,1268,2348,1830,2140,1757,831,1732,1636,1176,2412,1576,1762,1207,1295,2334,2802,1903,787,1471,
sub-992045,1040,2068,1440,1898,1375,1645,1801,2495,1460,1928,970,1300,1441,2499,2860,3069,909,2123,783,922,1030,1325,1592,959,1200,1253,1847,1851,869,1043,3170,3021,2262,1540,2354,591,800,2626,1404,1259,3264,900,2255,2378,2686,2885,699,1087,717,2107,1786,2648,3035,3294,2085,1864,1641,1846,2297,937,933,1374,628,1971,1008,2758,1748,1266,960,1560,1199,2117,1495,1290,1457,2006,1091,1701,3176,4031,1474,1090,2887,1702,1833,1302,746,1539,1317,1155,2147,1248,1854,1116,1075,2395,2688,1389,720,1345,
sub-99205,1245,1765,1765,2079,1795,2099,1334,2829,2016,2110,938,1517,1568,2535,3093,3308,1072,2594,909,892,903,2101,2277,1320,1357,1277,1651,1955,1113,1134,2961,3589,2733,2049,2772,838,805,2829,1829,1859,3754,943,2185,2592,2420,3162,935,1197,893,2008,2036,2910,3419,3601,2547,2073,2074,2104,1981,874,1170,1496,671,1699,1026,2558,2312,1556,1439,2464,1235,3059,1891,1462,1223,2444,1101,1892,3006,4082,1114,1609,2527,1759,1463,1467,874,1811,1632,1384,2516,1493,2066,1105,1308,2468,2527,1717,876,1526,
sub-99206,1112,1845,1688,1650,1417,2335,1270,2748,1747,2271,924,1407,1521,2490,3315,2746,980,2708,889,1001,985,1785,1874,1172,1411,1314,1580,2016,1124,1219,2976,3311,2618,2072,2381,715,775,1927,1202,1451,3641,896,2225,2283,2337,2919,839,1371,843,2219,1808,2339,2900,2987,2534,2295,1727,2234,2284,875,931,1322,565,1577,921,2696,2455,1548,1283,2009,1196,2107,1323,1409,1501,2358,1168,1655,3075,3981,989,1203,2905,1888,1834,1464,957,1603,1513,1431,2492,1232,1885,1221,1346,2483,2798,1496,856,1586,
sub-99207,1110,1597,1792,1940,1751,2087,2042,2576,1584,1818,974,1468,1741,2553,3314,3390,1046,2427,809,1026,1027,2042,2007,1256,1401,1332,1409,2027,1031,1228,3304,3598,2357,1723,2141,609,883,2490,2095,1795,3913,971,2312,2318,2076,3235,1021,1636,744,2194,1641,2432,3101,2837,2407,1904,1596,1975,2141,952,1176,1527,573,1473,924,2639,1721,1399,1724,2280,1691,2141,1829,1340,1375,2396,1191,1728,3211,4594,1584,1570,2738,1857,2048,1467,943,1662,1442,1682,3206,1660,2137,1388,1360,2468,3015,2012,752,1575,
sub-99208,994,1696,1518,1684,1502,2686,1257,2206,2006,2066,911,1286,1422,2270,3467,2466,1187,2415,799,682,1135,1790,2172,1330,1306,1252,1607,1865,1157,1150,3144,3059,2256,1677,3051,631,1061,2574,1574,1190,3188,927,2581,2487,2416,3085,1025,1031,689,1397,1538,2325,2411,3108,2227,2010,1633,2096,2197,827,894,1348,633,1641,967,2372,1591,1458,1356,2081,1146,2290,1778,1322,1257,2212,1082,1589,3234,4052,1116,1087,2884,1640,1609,1600,875,1628,1362,1445,2310,1466,2136,1218,1241,2542,2614,1478,865,1176,
sub-99209,1154,1632,1595,1688,1604,2318,1169,2142,1550,2127,1024,1470,1845,2672,3519,2961,1293,2486,820,991,891,1823,1914,1224,1326,1222,1272,1910,923,1247,2960,3643,2065,1818,2701,744,749,2018,1616,1807,3963,895,2212,2793,2006,2681,819,955,757,2119,1841,1990,2847,2752,2372,2115,1529,1624,2084,986,981,1384,676,1894,1094,3144,2072,1581,1189,2116,1394,2193,2100,1291,1668,2092,1258,1996,2895,4211,1231,1247,2385,1324,1428,1276,683,1716,1309,1640,2295,1813,2120,1247,1071,2525,2538,1375,670,1216,
sub-99211,1078,1771,1734,1983,1577,2112,1522,2654,1476,1564,1079,1550,1661,2407,2979,3174,1102,2420,964,1218,1332,1813,1773,1573,1351,1359,1661,1818,1029,942,3132,3770,3084,2045,2836,557,759,2638,1162,1418,3761,1090,2490,2631,2510,3171,869,1334,750,2218,1788,2410,3065,3464,2322,2129,1866,1899,2331,982,1123,1285,532,1676,1114,2439,2015,1392,1469,2041,1308,2469,1780,1590,1839,2425,1145,1562,3083,4564,999,1555,3134,2039,1849,1296,1015,1558,1567,1635,3087,1885,1659,1377,1374,2807,2705,1574,695,1561,
sub-99212,1074,1572,1202,1991,1052,1489,1340,2112,1714,2433,970,1229,1189,2063,3174,2718,1030,2634,839,665,1163,1139,1589,1755,1416,1397,1405,1879,929,1047,2352,2955,1917,2135,2514,677,766,2655,1457,1604,3694,1066,2362,2406,1948,2943,755,958,757,1364,2207,2690,3164,3147,1496,1432,1621,1868,2399,999,946,1283,536,1568,773,2623,1898,1417,1422,1731,1251,1922,1349,1445,1244,2644,1001,1479,2926,3181,1351,1192,2353,1552,1498,1220,627,1573,1387,1503,1804,1590,1644,1246,1235,2511,2561,1344,694,1207,
sub-99213,1062,1870,1618,2170,1669,1913,1476,2681,1649,1849,915,1559,1943,2935,3912,3157,1400,2907,1048,883,1345,1773,2063,1070,1352,1323,1676,2252,1296,1195,3232,3887,2380,2105,3008,659,920,2297,1511,1377,4011,944,2529,2619,2472,2798,995,1225,696,1901,1686,2494,3025,3228,2547,2121,2215,2218,1925,899,947,1658,677,1803,1295,2761,2545,1697,1684,2708,1315,2210,1637,1219,1193,2434,1263,1798,3304,4580,1201,1582,2942,1390,1941,1462,1160,1893,1551,1406,2580,1447,1732,1231,1324,2667,2625,1824,790,1527,
sub-99214,933,1389,1402,1634,1352,1525,1197,2171,1462,1747,865,1296,1558,2101,2668,2832,1004,2218,814,801,1005,1706,1671,1057,1292,1092,1702,2067,981,912,2796,3400,2467,1611,2172,566,745,2139,1431,1304,3227,766,1894,2296,2102,2750,807,1019,608,1564,1603,2252,2801,2279,1599,1660,1506,1432,2021,792,901,1427,506,925,746,1959,1650,1220,1322,2199,1424,1752,1488,1306,1288,1940,876,1658,2848,3813,1322,1219,2693,1634,1651,1073,722,1604,1393,1202,2395,1254,1994,874,972,2422,2691,1613,590,1220,
sub-99216,1105,1926,1690,2086,1928,2406,1564,2699,1862,1761,942,1473,2159,2949,2797,3107,1183,2543,1194,844,1315,1681,1980,989,1261,1198,1798,1751,940,869,2661,3040,2255,1999,2263,830,945,2286,1525,1400,3693,882,2191,2220,1988,2514,1026,1151,842,2153,1773,2492,2880,3361,2383,2300,1717,2044,1966,877,908,1584,773,2249,1691,2682,1744,1733,1273,1917,1565,2215,1940,1617,1387,2288,938,1507,2464,4252,1767,1295,3065,1611,1869,1420,868,1543,1601,1744,2554,1510,1905,1173,1243,2424,2470,1355,707,1662,
sub-99217,915,1406,1367,1973,1439,1937,1373,2430,1529,1860,847,1398,1648,2463,2942,2510,872,2885,784,1109,1322,2049,1890,847,1408,1219,1379,1849,991,899,2875,3452,1806,1831,2248,727,919,2066,1387,1202,3065,884,2078,2230,2072,2661,1026,1040,721,2179,1440,1994,2379,2670,2156,1965,1807,2213,2068,895,1054,1451,623,1668,1080,2452,1757,1280,1123,2301,1296,2125,1519,1366,1195,2242,1129,1568,2684,3693,967,1329,2176,1594,1769,1516,826,1525,1704,1556,2254,1567,1892,1164,1208,2080,2475,1806,699,1582,
sub-99218,1178,1702,1856,2165,1660,2100,1936,2883,1913,2132,866,1241,2036,2627,3368,3392,1244,2970,1362,945,1355,1845,1631,1448,1260,1116,2044,2373,1304,1082,3288,4244,2802,2756,2468,624,931,2976,1757,1626,4383,906,2054,3092,2626,3673,1072,1426,798,2275,1908,2675,3090,3605,2377,2006,2085,2414,2537,860,1103,2389,768,1624,1090,2888,2662,1758,1508,2966,1506,2104,1557,2061,1564,2050,1269,1833,3340,5000,1664,1883,3347,1835,2488,2187,762,1936,1784,2111,2590,1493,2151,1245,988,3267,2859,1793,835,1446,
sub-99219,1138,1706,1442,1635,1425,1705,1459,2131,1448,1585,817,1215,1349,1986,2784,2930,1052,2261,700,879,975,1288,1740,873,1268,1320,1367,1736,1005,850,2772,3007,2260,1714,2002,570,693,2032,1470,1111,3034,845,2415,2451,2481,3049,689,1087,596,1698,1560,2278,2169,2922,2376,1824,1540,1880,1927,900,895,1238,564,1305,840,2175,2032,1338,1311,1823,1078,1853,1565,1407,1246,2012,1016,1559,2745,3275,1285,1290,2471,1273,1627,1371,643,1584,1328,1424,2209,1348,1853,1134,1038,2321,2652,1955,588,1316,
sub-99220,1076,1706,1666,1715,1474,2204,1126,1707,1493,2002,929,1371,1610,2352,2825,2156,1038,2331,778,771,860,1621,1916,1119,1159,1132,1866,2172,909,1076,3060,3330,1822,1868,2214,657,850,2882,1506,1269,3290,861,2070,2455,2035,3329,1261,1629,791,1749,1688,2500,2302,2768,2165,1801,1425,1774,1948,880,1001,1272,674,1606,757,2718,1627,1141,1289,2038,1188,1894,1530,1298,1204,2004,1147,1745,2954,4332,983,1285,2704,1462,1848,1355,769,1584,1423,1204,2251,1203,1718,1236,1187,2550,2564,1681,700,1228,
sub-99221,1145,1900,1642,1986,1640,2361,1138,2054,1587,1827,984,1420,1583,2584,2907,2450,1232,2343,1046,736,1158,1788,2069,1731,1364,1226,1648,1794,919,1048,3147,3315,2874,2087,2675,654,799,2817,1419,1263,3472,1032,2392,2388,2185,3110,915,1333,846,1633,1432,2042,2108,3193,2591,2272,1777,1936,2228,879,1027,1397,681,1635,924,2203,2175,1496,1047,1834,1383,2256,1675,1474,1414,2304,934,1503,2891,3637,960,1185,2573,1602,2095,1829,782,1417,1566,1532,2074,1387,1962,1241,995,2481,2504,1894,771,1585,
